FullName,FullNamePhonetic1,FullNamePhonetic2,SeparatedNamePhonetic1,SeparatedNamePhonetic2,ID
aaaaaglar saaaayaaaancaaaa,AKLRSNK,NaN,"('AKLR', 'SNK')",NaN,218031
aaaarjan nyland,ARJNNLNT,NaN,"('ARJN', 'NLNT')",NaN,98770
aaaglar saayaancaa,AKLRSNK,NaN,"('AKLR', 'SNK')",NaN,218031
aalvaro morata,ALFRMRT,NaN,"('ALFR', 'MRT')",NaN,88482
aarjan nyland,ARJNNLNT,NaN,"('ARJN', 'NLNT')",NaN,98770
aaron connolly,ARNKNL,NaN,"('ARN', 'KNL')",NaN,233425
aaron cresswell,ARNKRSL,NaN,"('ARN', 'KRSL')",NaN,55459
aaron lennon,ARNLNN,NaN,"('ARN', 'LNN')",NaN,17349
aaron mooy,ARNM,NaN,"('ARN', 'M')",NaN,74471
aaron ramsdale,ARNRMSTL,NaN,"('ARN', 'RMSTL')",NaN,225321
aaron ramsey,ARNRMS,NaN,"('ARN', 'RMS')",NaN,41792
aaron rowe,ARNR,NaN,"('ARN', 'R')",NaN,440113
aaron wan bissaka,ARNPSKN,NaN,"('ARN', 'AN', 'PSK')","('', 'FN', '')",214590
abd al ali morakinyo olaposi koiki,APTLLKKMRKNLPS,NaN,"('APT', 'AL', 'AL', 'MRKN', 'ALPS', 'KK')",NaN,432793
abdelhamid sabiri,APTLMTSPR,NaN,"('APTLMT', 'SPR')",NaN,246878
abdoulaye doucouraa,APTLTKR,NaN,"('APTL', 'TKR')",NaN,121599
abdoulaye doucouraaaa,APTLTKR,NaN,"('APTL', 'TKR')",NaN,121599
aboubakar kamara,APPKRKMR,NaN,"('APPKR', 'KMR')",NaN,197030
adalberto peaaaaaranda,ATLPRTPRNT,NaN,"('ATLPRT', 'PRNT')",NaN,194401
adalberto peaaaranda,ATLPRTPRNT,NaN,"('ATLPRT', 'PRNT')",NaN,194401
adam forshaw,ATMFRX,ATMFRXF,"('ATM', 'FRX')","('', 'FRXF')",80179
adam idah,ATMT,NaN,"('ATM', 'AT')",NaN,432735
adam lallana,ATMLLN,NaN,"('ATM', 'LLN')",NaN,39155
adam masina,ATMMSN,NaN,"('ATM', 'MSN')",NaN,155651
adam smith,ATMSM0,ATMSMT,"('ATM', 'SM0')","('', 'XMT')",54469
adam webster,ATMPSTR,NaN,"('ATM', 'APSTR')","('', 'FPSTR')",110735
adama diakhaby,ATMTKP,NaN,"('ATM', 'TKP')",NaN,233497
adama traoraa,ATMTRR,NaN,"('ATM', 'TRR')",NaN,159533
adama traoraaaa,ATMTRR,NaN,"('ATM', 'TRR')",NaN,159533
addji keaninkin marc israel guehi,ATJKHSRLKNNKNMRK,NaN,"('ATJ', 'KNNKN', 'MRK', 'ASRL', 'KH')",NaN,209036
ademipo odubeko,ATMPTPK,NaN,"('ATMP', 'ATPK')",NaN,461533
ademola lookman,ATMLLKMN,NaN,"('ATML', 'LKMN')",NaN,219352
adriaaaan san miguel del castillo,ATRNKSTLTLMKLSN,NaN,"('ATRN', 'SN', 'MKL', 'TL', 'KSTL')","('', '', '', '', 'KST')",60706
adriaan bernabaa,ATRNPRNP,NaN,"('ATRN', 'PRNP')",NaN,449926
adriaan san miguel del castillo,ATRNKSTLTLMKLSN,NaN,"('ATRN', 'SN', 'MKL', 'TL', 'KSTL')","('', '', '', '', 'KST')",60706
adrian mariappa,ATRNMRP,NaN,"('ATRN', 'MRP')",NaN,20145
adrien sebastian perruchet silva,ATRNPRXTSPSXNSLF,ATRNPRKTSPSXNSLF,"('ATRN', 'SPSXN', 'PRXT', 'SLF')","('', '', 'PRKT', '')",46483
adrien silva,ATRNSLF,NaN,"('ATRN', 'SLF')",NaN,46483
ahmed el mohamady,AMTLMHMT,NaN,"('AMT', 'AL', 'MHMT')",NaN,37339
ahmed el sayed hegazy,AMTLKSST,NaN,"('AMT', 'AL', 'ST', 'HKS')",NaN,77777
ainsley maitland niles,ANSLMTLNTNLS,NaN,"('ANSL', 'MTLNT', 'NLS')",NaN,154043
akin famewo,AKNFM,NaN,"('AKN', 'FM')",NaN,232667
alberto moreno,ALPRTMRN,NaN,"('ALPRT', 'MRN')",NaN,100059
albian ajeti,AJTLPN,NaN,"('ALPN', 'AJT')",NaN,181008
aleksandar mitroviaa,ALKSNTRMTRF,NaN,"('ALKSNTR', 'MTRF')",NaN,128389
aleksandar mitrovic,ALKSNTRMTRFK,NaN,"('ALKSNTR', 'MTRFK')",NaN,128389
alex cochrane,ALKSKKRN,NaN,"('ALKS', 'KKRN')",NaN,215066
alex iwobi,ALKSP,NaN,"('ALKS', 'AP')",NaN,153133
alex mccarthy,ALKSMKR0,ALKSMKRT,"('ALKS', 'MKR0')","('', 'MKRT')",58376
alex nicolao telles,ALKSNKLTLS,NaN,"('ALKS', 'NKL', 'TLS')",NaN,152590
alex oxlade chamberlain,ALKSXMPRLNKSLT,ALKSKMPRLNKSLT,"('ALKS', 'AKSLT', 'XMPRLN')",NaN,81880
alex pritchard,ALKSPRXRT,NaN,"('ALKS', 'PRXRT')",NaN,106450
alex smithies,ALKSSM0S,ALKSSMTS,"('ALKS', 'SM0S')","('', 'XMTS')",45220
alexander saarloth,ALKSNTRSRL0,ALKSNTRSRLT,"('ALKSNTR', 'SRL0')","('', 'SRLT')",143877
alexander tettey,ALKSNTRTT,NaN,"('ALKSNTR', 'TT')",NaN,18665
alexandre jankewitz,ALKSNTRJNKTS,ALKSNTRJNKFX,"('ALKSNTR', 'JNKTS')","('', 'ANKFX')",449781
alexandre lacazette,ALKSNTRLKST,NaN,"('ALKSNTR', 'LKST')",NaN,59966
alexandre nascimento costa silva,ALKSNTRKSTNSMNTSLF,NaN,"('ALKSNTR', 'NSMNT', 'KST', 'SLF')",NaN,209925
alexis mac allister,ALKSSLSTRMK,NaN,"('ALKSS', 'MK', 'ALSTR')",NaN,243016
alexis saaaanchez,ALKSSSNXS,ALKSSSNKS,"('ALKSS', 'SNXS')","('', 'SNKS')",37265
alexis saanchez,ALKSSSNXS,ALKSSSNKS,"('ALKSS', 'SNXS')","('', 'SNKS')",37265
alfie devine,ALFTFN,NaN,"('ALF', 'TFN')",NaN,496179
alfie jones,ALFJNS,NaN,"('ALF', 'JNS')","('', 'ANS')",176706
alfie lewis,ALFLS,NaN,"('ALF', 'LS')",NaN,215407
alfie mawson,ALFMSN,NaN,"('ALF', 'MSN')",NaN,149266
alfie whiteman,ALFTMN,NaN,"('ALF', 'ATMN')",NaN,175941
alireza jahanbakhsh,ALRSJHNPKX,ALRTSJHNPKX,"('ALRS', 'JHNPKX')","('', 'AHNPKX')",165210
alisson ramses becker,ALSNPKRRMSS,NaN,"('ALSN', 'RMSS', 'PKR')",NaN,116535
allan marques loureiro,ALNLRRMRKS,NaN,"('ALN', 'MRKS', 'LRR')",NaN,119765
allan saint maximin,ALNMKSMNSNT,NaN,"('ALN', 'SNT', 'MKSMN')",NaN,170137
allan tchaptchet,ALNXPXT,NaN,"('ALN', 'XPXT')",NaN,447093
alphonse areola,ALFNSRL,NaN,"('ALFNS', 'ARL')",NaN,84182
amad diallo,AMTTL,NaN,"('AMT', 'TL')",NaN,493250
ander herrera,ANTRRR,NaN,"('ANTR', 'HRR')",NaN,59846
anders lindegaard,ANTRSLNTKRT,NaN,"('ANTRS', 'LNTKRT')",NaN,39725
andi zeqiri,ANTSKR,NaN,"('ANT', 'SKR')",NaN,204676
andraa filipe tavares gomes,ANTRFLPKMSTFRS,NaN,"('ANTR', 'FLP', 'TFRS', 'KMS')",NaN,120250
andraa frank zambo anguissa,ANTRNKSFRNKSMP,ANTRNKSFRNKTSMP,"('ANTR', 'FRNK', 'SMP', 'ANKS')",NaN,203325
andraa schaarrle,ANTRXRL,NaN,"('ANTR', 'XRL')",NaN,66842
andraaaa filipe tavares gomes,ANTRFLPKMSTFRS,NaN,"('ANTR', 'FLP', 'TFRS', 'KMS')",NaN,120250
andre gray,ANTRKR,NaN,"('ANTR', 'KR')",NaN,73426
andre green,ANTRKRN,NaN,"('ANTR', 'KRN')",NaN,174597
andreas christensen,ANTRSXRSTNSN,ANTRSKRSTNSN,"('ANTRS', 'KRSTNSN')",NaN,135363
andreas pereira,ANTRSPRR,NaN,"('ANTRS', 'PRR')",NaN,156689
andreas saandergaard,ANTRSSNTRKRT,NaN,"('ANTRS', 'SNTRKRT')",NaN,448487
andrew robertson,ANTRRPRTSN,NaN,"('ANTR', 'RPRTSN')","('ANTRF', '')",122798
andrew surman,ANTRSRMN,NaN,"('ANTR', 'SRMN')","('ANTRF', '')",15237
andriy yarmolenko,ANTRRMLNK,NaN,"('ANTR', 'ARMLNK')",NaN,56377
andros townsend,ANTRSTNSNT,NaN,"('ANTRS', 'TNSNT')",NaN,60252
andy carroll,ANTKRL,NaN,"('ANT', 'KRL')",NaN,40142
andy king,ANTKNK,NaN,"('ANT', 'KNK')",NaN,13152
andy lonergan,ANTLNRKN,NaN,"('ANT', 'LNRKN')",NaN,11948
angel gomes,ANJLKMS,ANKLKMS,"('ANJL', 'KMS')","('ANKL', '')",209041
angelo ogbonna,ANJLKPN,ANKLKPN,"('ANJL', 'AKPN')","('ANKL', '')",40669
angus gunn,ANKSKN,NaN,"('ANKS', 'KN')",NaN,107265
anthony driscoll glennon,AN0NTRSKLKLNN,ANTNTRSKLKLNN,"('AN0N', 'TRSKL', 'KLNN')","('ANTN', '', '')",195471
anthony elanga,AN0NLNK,ANTNLNK,"('AN0N', 'ALNK')","('ANTN', '')",449434
anthony gordon,AN0NKRTN,ANTNKRTN,"('AN0N', 'KRTN')","('ANTN', '')",232826
anthony knockaert,AN0NKNKRT,ANTNKNKRT,"('AN0N', 'NKRT')","('ANTN', '')",83543
anthony mancini,AN0NMNSN,ANTNMNSN,"('AN0N', 'MNSN')","('ANTN', '')",465299
anthony martial,AN0NMRXL,ANTNMRXL,"('AN0N', 'MRXL')","('ANTN', '')",148225
anthony pilkington,AN0NPLKNKTN,ANTNPLKNKTN,"('AN0N', 'PLKNKTN')","('ANTN', '')",40451
antonee robinson,ANTNRPNSN,NaN,"('ANTN', 'RPNSN')",NaN,169528
antonio barreca,ANTNPRK,NaN,"('ANTN', 'PRK')",NaN,159039
antonio raaaadiger,ANTNRTJR,ANTNRTKR,"('ANTN', 'RTJR')","('', 'RTKR')",102380
antonio raadiger,ANTNRTJR,ANTNRTKR,"('ANTN', 'RTJR')","('', 'RTKR')",102380
antonio valencia,ANTNFLNS,ANTNFLNX,"('ANTN', 'FLNS')","('', 'FLNX')",20695
antwoine hackford,ANTNKFRT,NaN,"('ANTN', 'HKFRT')",NaN,487836
anwar el ghazi,ANRLKS,ANRLKTS,"('ANR', 'AL', 'KS')",NaN,193488
archie mair,ARXMR,ARKMR,"('ARX', 'MR')","('ARK', '')",233849
arijanet muric,ARJNTMRK,ARHNTMRK,"('ARJNT', 'MRK')","('ARHNT', '')",232917
armando broja,ARMNTPRJ,ARMNTPRH,"('ARMNT', 'PRJ')","('', 'PRH')",440323
arnaut danjuma groeneveld,ARNTTNJMKRNFLT,NaN,"('ARNT', 'TNJM', 'KRNFLT')",NaN,220307
aron gunnarsson,ARNKNRSN,NaN,"('ARN', 'KNRSN')",NaN,49845
arthur masuaku,AR0RMSK,ARTRMSK,"('AR0R', 'MSK')","('ARTR', '')",105717
artur boruc,ARTRPRK,NaN,"('ARTR', 'PRK')",NaN,18726
ashley barnes,AXLPRNS,NaN,"('AXL', 'PRNS')",NaN,44699
ashley darel jazz richards,AXLTRLJSRXRTS,AXLTRLJSRKRTS,"('AXL', 'TRL', 'JS', 'RXRTS')","('', '', 'AS', 'RKRTS')",73459
ashley westwood,AXLSTT,NaN,"('AXL', 'ASTT')","('', 'FSTT')",60551
ashley williams,AXLLMS,NaN,"('AXL', 'ALMS')","('', 'FLMS')",19159
ashley young,AXLNK,NaN,"('AXL', 'ANK')",NaN,18892
asmir begovic,ASMRPKFK,NaN,"('ASMR', 'PKFK')",NaN,40349
axel tuanzebe,AKSLTNSP,NaN,"('AKSL', 'TNSP')",NaN,180804
aymeric laporte,AMRKLPRT,NaN,"('AMRK', 'LPRT')",NaN,146941
ayotomiwa dele bashiru,ATMPXRTL,NaN,"('ATM', 'TL', 'PXR')",NaN,175353
ayoze paaaarez,ASPRS,NaN,"('AS', 'PRS')",NaN,168580
ayoze paarez,ASPRS,NaN,"('AS', 'PRS')",NaN,168580
bailey peacock farrell,PLFRLPKK,NaN,"('PL', 'PKK', 'FRL')",NaN,220037
bakary sako,PKRSK,NaN,"('PKR', 'SK')",NaN,44343
bamidele alli,ALPMTL,NaN,"('PMTL', 'AL')",NaN,108823
barry douglas,PRTKLS,NaN,"('PR', 'TKLS')",NaN,57913
ben davies,PNTFS,NaN,"('PN', 'TFS')",NaN,152898
ben foster,PNFSTR,NaN,"('PN', 'FSTR')",NaN,9089
ben gibson,PNJPSN,PNKPSN,"('PN', 'KPSN')","('', 'JPSN')",83312
ben godfrey,PNKTFR,NaN,"('PN', 'KTFR')",NaN,198826
ben hamer,PNMR,NaN,"('PN', 'HMR')",NaN,38038
ben johnson,PNJNSN,NaN,"('PN', 'JNSN')","('', 'ANSN')",222018
ben mee,PNM,NaN,"('PN', 'M')",NaN,51927
ben osborn,PNSPRN,NaN,"('PN', 'ASPRN')",NaN,167878
ben white,PNT,NaN,"('PN', 'AT')",NaN,198869
ben wilmot,PNLMT,NaN,"('PN', 'ALMT')","('', 'FLMT')",241289
ben woodburn,PNTPRN,NaN,"('PN', 'ATPRN')","('', 'FTPRN')",182436
beni baningime,PNNJMPN,PNNKMPN,"('PN', 'PNNJM')","('', 'PNNKM')",195855
benjamin chilwell,PNJMNXLL,PNJMNKLL,"('PNJMN', 'XLL')",NaN,172850
benjamin mendy,PNJMNMNT,NaN,"('PNJMN', 'MNT')",NaN,102826
beram kayal,PRMKL,NaN,"('PRM', 'KL')",NaN,38490
bernard anaaaacio caldeira duarte,ANSPRNRTKLTRTRT,ANXPRNRTKLTRTRT,"('PRNRT', 'ANS', 'KLTR', 'TRT')","('', 'ANX', '', '')",100649
bernard anaacio caldeira duarte,ANSPRNRTKLTRTRT,ANXPRNRTKLTRTRT,"('PRNRT', 'ANS', 'KLTR', 'TRT')","('', 'ANX', '', '')",100649
bernard ashley seal,AXLPRNRTSL,NaN,"('PRNRT', 'AXL', 'SL')",NaN,194798
bernardo costa da rosa,PRNRTKSTTRS,NaN,"('PRNRT', 'KST', 'T', 'RS')",NaN,243710
bernardo fernandes da silva junior,PRNRTTFRNNTSJNRSLF,NaN,"('PRNRT', 'FRNNTS', 'T', 'SLF', 'JNR')","('', '', '', '', 'ANR')",209362
bernardo mota veiga de carvalho e silva,PRNRTKRFLTMTSLFFK,NaN,"('PRNRT', 'MT', 'FK', 'T', 'KRFL', 'A', 'SLF')",NaN,165809
bernd leno,PRNTLN,NaN,"('PRNT', 'LN')",NaN,80201
bertrand traoraa,PRTRNTTRR,NaN,"('PRTRNT', 'TRR')",NaN,110504
billy gilmour,PLJLMR,PLKLMR,"('PL', 'KLMR')","('', 'JLMR')",243568
billy koumetio,PLKMT,NaN,"('PL', 'KMT')",NaN,480818
billy sharp,PLXRP,NaN,"('PL', 'XRP')",NaN,18867
birkir bjarnason,PRKRPJRNSN,NaN,"('PRKR', 'PJRNSN')",NaN,27770
bjorn engels,PJRNNJLS,PJRNNKLS,"('PJRN', 'ANJLS')","('', 'ANKLS')",108156
bobby decordova reid,PPTKRTFRT,NaN,"('PP', 'TKRTF', 'RT')",NaN,96994
bobby reid,PPRT,NaN,"('PP', 'RT')",NaN,96994
bobby thomas,PPTMS,NaN,"('PP', 'TMS')",NaN,461102
bonatini lohner maia bonatini,PNTNPNTNLNRM,NaN,"('PNTN', 'LNR', 'M', 'PNTN')",NaN,141569
borja gonzaaaalez tomaaaas,PRJKNSLSTMS,NaN,"('PRJ', 'KNSLS', 'TMS')",NaN,83091
brahim diaz,PRHMTS,NaN,"('PRHM', 'TS')",NaN,216183
brandon austin,ASTNPRNTN,NaN,"('PRNTN', 'ASTN')",NaN,214572
brandon pierrick,PRNTNPRK,NaN,"('PRNTN', 'PRK')",NaN,466955
brandon williams,PRNTNLMS,NaN,"('PRNTN', 'ALMS')","('', 'FLMS')",232937
branislav ivanovic,PRNLFFNFK,NaN,"('PRNLF', 'AFNFK')",NaN,41135
brian murphy,PRNMRF,NaN,"('PRN', 'MRF')",NaN,10589
bright enobakhare,PRTNPKR,NaN,"('PRT', 'ANPKR')",NaN,198847
bruno andraa cavaco jordao,ANTRPRNKFKJRT,NaN,"('PRN', 'ANTR', 'KFK', 'JRT')","('', '', '', 'ART')",428610
bruno andraaaa cavaco jordao,ANTRPRNKFKJRT,NaN,"('PRN', 'ANTR', 'KFK', 'JRT')","('', '', '', 'ART')",428610
bruno ecuele manga,PRNKLMNK,NaN,"('PRN', 'AKL', 'MNK')",NaN,49382
bruno fernandes,PRNFRNNTS,NaN,"('PRN', 'FRNNTS')",NaN,141746
bruno miguel borges fernandes,PRJSPRNFRNNTSMKL,PRKSPRNFRNNTSMKL,"('PRN', 'MKL', 'PRJS', 'FRNNTS')","('', '', 'PRKS', '')",141746
bruno saltor grau,PRNKRSLTR,NaN,"('PRN', 'SLTR', 'KR')",NaN,11352
bukayo saka,PKSK,NaN,"('PK', 'SK')",NaN,223340
caaaadric soares,KTRKSRS,NaN,"('KTRK', 'SRS')",NaN,58822
caaaasar azpilicueta,ASPLKTKSR,NaN,"('KSR', 'ASPLKT')",NaN,41328
caadric soares,KTRKSRS,NaN,"('KTRK', 'SRS')",NaN,58822
caasar azpilicueta,ASPLKTKSR,NaN,"('KSR', 'ASPLKT')",NaN,41328
caglar saayaancaa,KKLRSNK,NaN,"('KKLR', 'SNK')",NaN,218031
caleb taylor,KLPTLR,NaN,"('KLP', 'TLR')",NaN,470255
caleb watts,KLPTS,NaN,"('KLP', 'ATS')","('', 'FTS')",456966
callum hudson odoi,KLMTSNT,NaN,"('KLM', 'HTSN', 'AT')",NaN,209046
callum paterson,KLMPTRSN,NaN,"('KLM', 'PTRSN')",NaN,122797
callum roberts,KLMRPRTS,NaN,"('KLM', 'RPRTS')",NaN,172551
callum robinson,KLMRPNSN,NaN,"('KLM', 'RPNSN')",NaN,171975
callum slattery,KLMSLTR,NaN,"('KLM', 'SLTR')","('', 'XLTR')",193109
callum wilson,KLMLSN,NaN,"('KLM', 'ALSN')","('', 'FLSN')",75115
calum chambers,KLMXMPRS,KLMKMPRS,"('KLM', 'XMPRS')",NaN,101184
cameron carter vickers,KMRNKRTRFKRS,NaN,"('KMRN', 'KRTR', 'FKRS')",NaN,168763
cameron john,KMRNJN,NaN,"('KMRN', 'JN')","('', 'AN')",215409
caoimhin kelleher,KMNKLHR,NaN,"('KMN', 'KLHR')",NaN,200720
carl jenkinson,KRLJNKNSN,NaN,"('KRL', 'JNKNSN')","('', 'ANKNSN')",80254
carlos saaaanchez,KRLSSNXS,KRLSSNKS,"('KRLS', 'SNXS')","('', 'SNKS')",42824
carlos saanchez,KRLSSNXS,KRLSSNKS,"('KRLS', 'SNXS')","('', 'SNKS')",42824
carlos vinicius alves morais,ALFSKRLSMRSFNSS,NaN,"('KRLS', 'FNSS', 'ALFS', 'MR')","('', '', '', 'MRS')",245824
carney chukwuemeka,KRNXKMK,KRNKKMK,"('KRN', 'XKMK')",NaN,478912
cedric kipre,STRKKPR,NaN,"('STRK', 'KPR')",NaN,183015
cengiz aander,ANTRSNJS,ANTRSNKS,"('SNJS', 'ANTR')","('SNKS', '')",228798
cenk tosun,SNKTSN,NaN,"('SNK', 'TSN')",NaN,66838
cesc faabregas,SSKFPRKS,NaN,"('SSK', 'FPRKS')",NaN,17878
chancel mbemba,XNSLMPMP,NaN,"('XNSL', 'MPMP')",NaN,149736
charlie austin,ASTNXRL,ASTNKRL,"('XRL', 'ASTN')",NaN,78356
charlie cresswell,XRLKRSL,NaN,"('XRL', 'KRSL')",NaN,492373
charlie daniels,XRLTNLS,NaN,"('XRL', 'TNLS')",NaN,41320
charlie taylor,XRLTLR,NaN,"('XRL', 'TLR')",NaN,103914
che adams,ATMSX,ATMSK,"('X', 'ATMS')",NaN,200439
cheikh diaby,XKTP,NaN,"('XK', 'TP')",NaN,505265
cheikhou kouyataa,XKKT,NaN,"('XK', 'KT')",NaN,55037
cheikhou kouyataaaa,XKKT,NaN,"('XK', 'KT')",NaN,55037
chris basham,PXMXRS,PXMKRS,"('KRS', 'PXM')",NaN,40386
chris laawe,KRSL,NaN,"('KRS', 'L')",NaN,54284
chris mepham,KRSMFM,NaN,"('KRS', 'MFM')",NaN,223911
chris smalling,KRSSMLNK,NaN,"('KRS', 'SMLNK')","('', 'XMLNK')",55909
chris wood,KRST,NaN,"('KRS', 'AT')","('', 'FT')",60689
christian atsu,ATSXRSXN,ATSKRSXN,"('KRSXN', 'ATS')",NaN,104953
christian benteke,PNTKXRSXN,PNTKKRSXN,"('KRSXN', 'PNTK')",NaN,54861
christian eriksen,KRSXNRKSN,NaN,"('KRSXN', 'ARKSN')",NaN,80607
christian fuchs,KRSXNFKS,NaN,"('KRSXN', 'FKS')",NaN,37402
christian kabasele,KRSXNKPSL,NaN,"('KRSXN', 'KPSL')",NaN,85624
christian marques,KRSXNMRKS,NaN,"('KRSXN', 'MRKS')",NaN,481626
christian pulisic,KRSXNPLSK,NaN,"('KRSXN', 'PLSK')",NaN,176413
christian saydee,KRSXNST,NaN,"('KRSXN', 'ST')",NaN,461017
christian walton,KRSXNLTN,NaN,"('KRSXN', 'ALTN')","('', 'FLTN')",108813
christoph zimmermann,KRSTFSMRMN,NaN,"('KRSTF', 'SMRMN')",NaN,192303
christopher schindler,KRSTFRXNTLR,NaN,"('KRSTFR', 'XNTLR')",NaN,85368
ciaran clark,SRNKLRK,XRNKLRK,"('SRN', 'KLRK')","('XRN', '')",58845
claudio bravo,PRFKLT,NaN,"('KLT', 'PRF')",NaN,33148
claudio gomes,KLTKMS,NaN,"('KLT', 'KMS')",NaN,219291
cody drameh,KTTRM,NaN,"('KT', 'TRM')",NaN,433590
cole palmer,KLPLMR,NaN,"('KL', 'PLMR')",NaN,244851
collin quaner,KLNKNR,NaN,"('KLN', 'KNR')",NaN,84112
connor wickham,KNRKM,NaN,"('KNR', 'AKM')","('', 'FKM')",59125
conor coady,KTKNR,NaN,"('KNR', 'KT')",NaN,94147
conor coventry,KNRKFNTR,NaN,"('KNR', 'KFNTR')",NaN,222017
conor gallagher,KNRKLKR,NaN,"('KNR', 'KLKR')",NaN,232787
conor hourihane,KNRRHN,NaN,"('KNR', 'HRHN')",NaN,85242
conor townsend,KNRTNSNT,NaN,"('KNR', 'TNSNT')",NaN,108053
craig cathcart,K0KRTKRK,KTKRTKRK,"('KRK', 'K0KRT')","('', 'KTKRT')",41338
craig dawson,KRKTSN,NaN,"('KRK', 'TSN')",NaN,60232
crysencio summerville,KRSNSSMRFL,KRSNXSMRFL,"('KRSNS', 'SMRFL')","('KRSNX', '')",450070
cuco martina,KKMRTN,NaN,"('KK', 'MRTN')",NaN,56192
curtis jones,KRTSJNS,NaN,"('KRTS', 'JNS')","('', 'ANS')",206915
cyrus christie,KRSTSRS,NaN,"('SRS', 'KRST')",NaN,87107
dale stephens,TLSTFNS,NaN,"('TL', 'STFNS')",NaN,40845
daley blind,PLNTTL,NaN,"('TL', 'PLNT')",NaN,58877
dan burn,PRNTN,NaN,"('TN', 'PRN')",NaN,78916
dan gosling,TNKSLNK,NaN,"('TN', 'KSLNK')",NaN,40387
dane scarlett,TNSKRLT,NaN,"('TN', 'SKRLT')",NaN,490145
daniel adshead,ATXTTNL,NaN,"('TNL', 'ATXT')",NaN,431924
daniel amartey,AMRTTNL,NaN,"('TNL', 'AMRT')",NaN,155569
daniel castelo podence,KSTLTNLPTNS,NaN,"('TNL', 'KSTL', 'PTNS')",NaN,200600
daniel ceballos fernaaaandez,SPLSTNLFRNNTS,NaN,"('TNL', 'SPLS', 'FRNNTS')",NaN,182539
daniel ceballos fernaandez,SPLSTNLFRNNTS,NaN,"('TNL', 'SPLS', 'FRNNTS')",NaN,182539
daniel drinkwater,TNLTRNKTR,NaN,"('TNL', 'TRNKTR')",NaN,61603
daniel james,TNLJMS,NaN,"('TNL', 'JMS')","('', 'AMS')",200617
daniel jebbison,TNLJPSN,NaN,"('TNL', 'JPSN')","('', 'APSN')",523700
daniel langley,TNLLNKL,NaN,"('TNL', 'LNKL')",NaN,432927
daniel n'lundulu,TNLNNLNTL,NaN,"('TNL', 'NNLNTL')",NaN,200088
daniel sturridge,TNLSTRJ,NaN,"('TNL', 'STRJ')",NaN,40755
danilo luiz da silva,TTNLLSSLF,NaN,"('TNL', 'LS', 'T', 'SLF')",NaN,100180
danny batth,P0TN,PTTN,"('TN', 'P0')","('', 'PT')",77610
danny ings,TNNKS,NaN,"('TN', 'ANKS')",NaN,84939
danny rose,TNRS,NaN,"('TN', 'RS')",NaN,38290
danny simpson,TNSMPSN,NaN,"('TN', 'SMPSN')",NaN,40725
danny ward,TNRT,NaN,"('TN', 'ART')","('', 'FRT')",95463
danny welbeck,TNLPK,NaN,"('TN', 'ALPK')","('', 'FLPK')",50175
danny williams,TNLMS,NaN,"('TN', 'ALMS')","('', 'FLMS')",80755
dara o'shea,TRX,NaN,"('TR', 'AAX')",NaN,216616
darnell furlong,TRNLFRLNK,NaN,"('TRNL', 'FRLNK')",NaN,176420
darnell johnson,TRNLJNSN,NaN,"('TRNL', 'JNSN')","('', 'ANSN')",173810
darren randolph,TRNRNTLF,NaN,"('TRN', 'RNTLF')",NaN,32259
daryl janmaat,TRLJNMT,NaN,"('TRL', 'JNMT')","('', 'ANMT')",52940
david brooks,PRKSTFT,NaN,"('TFT', 'PRKS')",NaN,111317
david button,PTNTFT,NaN,"('TFT', 'PTN')",NaN,50093
david de gea,TFTTJ,TFTTK,"('TFT', 'T', 'J')","('', '', 'K')",51940
david junior hoilett,TFTLTJNR,NaN,"('TFT', 'JNR', 'HLT')","('', 'ANR', '')",49806
david luiz moreira marinho,TFTLSMRNMRR,NaN,"('TFT', 'LS', 'MRR', 'MRN')",NaN,41270
david martin,TFTMRTN,NaN,"('TFT', 'MRTN')",NaN,19194
david mcgoldrick,TFTMKLTRK,NaN,"('TFT', 'MKLTRK')",NaN,27436
david silva,TFTSLF,NaN,"('TFT', 'SLF')",NaN,20664
davide zappacosta,TFTSPKST,NaN,"('TFT', 'SPKST')",NaN,105700
davinson saaaanchez,TFNSNSNXS,TFNSNSNKS,"('TFNSN', 'SNXS')","('', 'SNKS')",173904
davinson saanchez,TFNSNSNXS,TFNSNSNKS,"('TFNSN', 'SNXS')","('', 'SNKS')",173904
davy klaassen,TFKLSN,NaN,"('TF', 'KLSN')",NaN,109065
davy praaaapper,TFPRPR,NaN,"('TF', 'PRPR')",NaN,66242
davy praapper,TFPRPR,NaN,"('TF', 'PRPR')",NaN,66242
dean henderson,TNNTRSN,NaN,"('TN', 'HNTRSN')",NaN,172649
deandre yedlin,TNTRTLN,NaN,"('TNTR', 'ATLN')",NaN,151119
declan rice,TKLNRS,NaN,"('TKLN', 'RS')",NaN,204480
dejan lovren,TJNLFRN,THNLFRN,"('TJN', 'LFRN')","('THN', '')",38454
demarai gray,TMRKR,NaN,"('TMR', 'KR')",NaN,172632
demeaco duhaney,TMKTHN,NaN,"('TMK', 'THN')",NaN,175351
denis odoi,TNST,NaN,"('TNS', 'AT')",NaN,72681
denis suaarez,TNSSRS,NaN,"('TNS', 'SRS')",NaN,89572
dennis cirkin,SRKNTNS,NaN,"('TNS', 'SRKN')",NaN,461195
dennis praet,TNSPRT,NaN,"('TNS', 'PRT')",NaN,106837
dennis srbeny,TNSSRPN,NaN,"('TNS', 'SRPN')",NaN,179587
diego llorente,TKLRNT,NaN,"('TK', 'LRNT')",NaN,149915
diego rico,TKRK,NaN,"('TK', 'RK')",NaN,171129
dimitri foulquier,TMTRFLK,TMTRFLKR,"('TMTR', 'FLK')","('', 'FLKR')",96767
diogo jota,TKJT,NaN,"('TK', 'JT')","('', 'AT')",194634
divock origi,TFKRJ,TFKRK,"('TFK', 'ARJ')","('', 'ARK')",152760
djibril sidibaaaa,TJPRLSTP,NaN,"('TJPRL', 'STP')",NaN,102747
domingos quina,TMNKSKN,NaN,"('TMNKS', 'KN')",NaN,216058
dominic calvert lewin,KLFRTTMNKLN,NaN,"('TMNK', 'KLFRT', 'LN')",NaN,177815
dominic solanke,TMNKSLNK,NaN,"('TMNK', 'SLNK')",NaN,154566
donny van de beek,PKTTNFN,NaN,"('TN', 'FN', 'T', 'PK')",NaN,180184
douglas luiz soares de paulo,TTKLSLSPLSRS,NaN,"('TKLS', 'LS', 'SRS', 'T', 'PL')",NaN,230046
dwight gayle,TTKL,NaN,"('TT', 'KL')",NaN,104547
dwight mcneil,TTMKNL,NaN,"('TT', 'MKNL')",NaN,433154
eberechi eze,APRXS,APRKS,"('APRX', 'AS')","('APRK', '')",232413
eden hazard,ATNSRT,NaN,"('ATN', 'HSRT')",NaN,42786
ederson santana de moraes,TTRSNMRSSNTN,NaN,"('ATRSN', 'SNTN', 'T', 'MRS')",NaN,121160
edimilson fernandes,ATMLSNFRNNTS,NaN,"('ATMLSN', 'FRNNTS')",NaN,163526
edinson cavani,KFNTNSN,NaN,"('ATNSN', 'KFN')",NaN,40720
edouard mendy,ATRTMNT,NaN,"('ATRT', 'MNT')",NaN,228286
edward nketiah,ATRTNKX,NaN,"('ATRT', 'NKX')",NaN,205533
eldin jakupovic,ALTNJKPFK,NaN,"('ALTN', 'JKPFK')","('', 'AKPFK')",11974
elia caprile,KPRLL,NaN,"('AL', 'KPRL')",NaN,463912
elias kachunga,ALSKKNK,NaN,"('ALS', 'KKNK')",NaN,87428
elliot anderson,ANTRSNLT,NaN,"('ALT', 'ANTRSN')",NaN,215379
ellis simms,ALSSMS,NaN,"('ALS', 'SMS')",NaN,218997
emerson hyndman,AMRSNNTMN,NaN,"('AMRSN', 'HNTMN')",NaN,122342
emerson palmieri dos santos,TSMRSNPLMRSNTS,NaN,"('AMRSN', 'PLMR', 'TS', 'SNTS')",NaN,109533
emil krafth,AMLKRF0,AMLKRFT,"('AML', 'KRF0')","('', 'KRFT')",111773
emile smith rowe,AMLRSM0,AMLRSMT,"('AML', 'SM0', 'R')","('', 'XMT', '')",209289
emiliano buendaaaaa,PNTMLN,NaN,"('AMLN', 'PNT')",NaN,195546
emiliano martaaaanez,AMLNMRTNS,NaN,"('AMLN', 'MRTNS')",NaN,98980
emiliano martaanez,AMLNMRTNS,NaN,"('AMLN', 'MRTNS')",NaN,98980
enda stevens,ANTSTFNS,NaN,"('ANT', 'STFNS')",NaN,63426
eric bailly,PLRK,NaN,"('ARK', 'PL')",NaN,197365
eric dier,TRRK,NaN,"('ARK', 'T')","('', 'TR')",93264
eric garcia,ARKRS,ARKRX,"('ARK', 'KRS')","('', 'KRX')",432656
erik durm,TRMRK,NaN,"('ARK', 'TRM')",NaN,118884
erik lamela,ARKLML,NaN,"('ARK', 'LML')",NaN,62974
erik pieters,ARKPTRS,NaN,"('ARK', 'PTRS')",NaN,39487
ethan ampadu,AMPT0N,AMPTTN,"('A0N', 'AMPT')","('ATN', '')",199598
etienne capoue,KPTN,NaN,"('ATN', 'KP')",NaN,38439
ezequiel schelotto,ASKLXLT,NaN,"('ASKL', 'XLT')",NaN,74375
ezgjan alioski,ALSKSKJN,ALSKTSKJN,"('ASKJN', 'ALSK')",NaN,105377
ezri konsa ngoyo,ASRKNSNK,ATSRKNSNK,"('ASR', 'KNS', 'NK')",NaN,199798
fabiaaaan balbuena,PLPNFPN,NaN,"('FPN', 'PLPN')",NaN,166640
fabiaan balbuena,PLPNFPN,NaN,"('FPN', 'PLPN')",NaN,166640
fabian delph,TLFFPN,NaN,"('FPN', 'TLF')",NaN,41823
fabian schaaaar,FPNXR,NaN,"('FPN', 'XR')",NaN,119471
fabian schaar,FPNXR,NaN,"('FPN', 'XR')",NaN,119471
fabio carvalho,KRFLFP,NaN,"('FP', 'KRFL')",NaN,244858
fabio henrique tavares,FPNRKTFRS,NaN,"('FP', 'HNRK', 'TFRS')",NaN,116643
fabio silva,FPSLF,NaN,"('FP', 'SLF')",NaN,449988
fabricio agosto ramaarez,AKSTFPRSRMRS,AKSTFPRXRMRS,"('FPRS', 'AKST', 'RMRS')","('FPRX', '', '')",40559
facundo pellistri,FKNTPLSTR,NaN,"('FKNT', 'PLSTR')",NaN,488404
faustino anjorin,ANJRNFSTN,NaN,"('FSTN', 'ANJRN')",NaN,223332
federico fernaaaandez,FTRKFRNNTS,NaN,"('FTRK', 'FRNNTS')",NaN,57145
federico fernaandez,FTRKFRNNTS,NaN,"('FTRK', 'FRNNTS')",NaN,57145
felipe anderson pereira gomes,ANTRSNFLPKMSPRR,NaN,"('FLP', 'ANTRSN', 'PRR', 'KMS')",NaN,101537
felix nmecha,FLKSNMX,FLKSNMK,"('FLKS', 'NMX')","('', 'NMK')",219265
femi seriki,FMSRK,NaN,"('FM', 'SRK')",NaN,471848
fernando llorente,FRNNTLRNT,NaN,"('FRNNT', 'LRNT')",NaN,19760
fernando luiz rosa,FRNNTLSRS,NaN,"('FRNNT', 'LS', 'RS')",NaN,27789
fernando maraaal,FRNNTMRL,NaN,"('FRNNT', 'MRL')",NaN,111291
ferran torres,FRNTRS,NaN,"('FRN', 'TRS')",NaN,224444
fikayo tomori,FKTMR,NaN,"('FK', 'TMR')",NaN,194794
filip benkovic,PNKFKFLP,NaN,"('FLP', 'PNKFK')",NaN,213405
filip krovinovic,FLPKRFNFK,NaN,"('FLP', 'KRFNFK')",NaN,200878
florent hadergjonaj,FLRNTTRKJNJ,FLRNTTRKJN ,"('FLRNT', 'HTRKJNJ')","('', 'HTRKJN ')",172246
florian lejeune,FLRNLJN,NaN,"('FLRN', 'LJN')",NaN,77359
florin andone,ANTNFLRN,NaN,"('FLRN', 'ANTN')",NaN,93284
floyd ayitaa,ATFLT,NaN,"('FLT', 'AT')",NaN,54421
fousseni diabataa,TPTFSN,NaN,"('FSN', 'TPT')",NaN,210207
fraaaadaaaaric guilbert,FRTRKLPRT,NaN,"('FRTRK', 'KLPRT')",NaN,203368
fraadaaric guilbert,FRTRKLPRT,NaN,"('FRTRK', 'KLPRT')",NaN,203368
francisco casilla cortaas,KSLKRTSFRNSSK,NaN,"('FRNSSK', 'KSL', 'KRTS')","('', 'KS', '')",39790
francisco femenaaa far,FRFMNFRNSSK,NaN,"('FRNSSK', 'FMN', 'FR')",NaN,54484
francisco femenaaaaa far,FRFMNFRNSSK,NaN,"('FRNSSK', 'FMN', 'FR')",NaN,54484
frankie maguire,FRNKMKR,NaN,"('FRNK', 'MKR')",NaN,531076
fraser forster,FRSTRFRSR,NaN,"('FRSR', 'FRSTR')",NaN,40383
frederick woodman,FRTRKTMN,NaN,"('FRTRK', 'ATMN')","('', 'FTMN')",155503
frederico rodrigues de paula santos,TFRTRKPLRTRKSSNTS,NaN,"('FRTRK', 'RTRKS', 'T', 'PL', 'SNTS')",NaN,101582
frederik alves,ALFSFRTRK,NaN,"('FRTRK', 'ALFS')",NaN,486870
gaaaaatan bong,PNKKTN,NaN,"('KTN', 'PNK')",NaN,42748
gaaatan bong,PNKKTN,NaN,"('KTN', 'PNK')",NaN,42748
gabriel fernando de jesus,TFRNNTKPRLJSS,NaN,"('KPRL', 'FRNNT', 'T', 'JSS')","('', '', '', 'ASS')",205651
gabriel magalhaaes,KPRLMKLS,NaN,"('KPRL', 'MKLS')",NaN,226597
gabriel teodoro martinelli silva,KPRLMRTNLSLFTTR,NaN,"('KPRL', 'TTR', 'MRTNL', 'SLF')",NaN,444145
gaetano berardi,PRRTKTN,NaN,"('KTN', 'PRRT')",NaN,38588
gareth bale,PLKR0,PLKRT,"('KR0', 'PL')","('KRT', '')",36903
gary cahill,KHLKR,NaN,"('KR', 'KHL')",NaN,19419
gary madine,KRMTN,NaN,"('KR', 'MTN')",NaN,45196
gavin kilkenny,KFNKLKN,NaN,"('KFN', 'KLKN')",NaN,444183
gedson carvalho fernandes,KRFLFRNNTSJTSN,KRFLFRNNTSKTSN,"('JTSN', 'KRFL', 'FRNNTS')","('KTSN', '', '')",195774
george baldock,PLTKJRJ,PLTKKRK,"('JRJ', 'PLTK')","('KRK', '')",82691
george hirst,JRJRST,KRKRST,"('JRJ', 'HRST')","('KRK', '')",222625
george marsh,JRJMRX,KRKMRX,"('JRJ', 'MRX')","('KRK', '')",204820
georges kaaaavin nkoudou,JRJSKFNNKT,KRKSKFNNKT,"('JRJS', 'KFN', 'NKT')","('KRKS', '', '')",168566
georges kaavin nkoudou,JRJSKFNNKT,KRKSKFNNKT,"('JRJS', 'KFN', 'NKT')","('KRKS', '', '')",168566
georginio wijnaldum,JRJNNLTM,KRKNNLTM,"('JRJN', 'ANLTM')","('KRKN', 'FNLTM')",41733
gerard deulofeu,TLFKRRT,TLFJRRT,"('KRRT', 'TLF')","('JRRT', '')",94924
giovani lo celso,SLSJFNL,SLSKFNL,"('JFN', 'L', 'SLS')","('KFN', '', '')",200826
giovanni mcgregor,JFNMKRKR,KFNMKRKR,"('JFN', 'MKRKR')","('KFN', '')",234720
glenn murray,KLNMR,NaN,"('KLN', 'MR')",NaN,20529
gonaaaaalo bento soares cardoso,PNTKRTSKNLSRS,NaN,"('KNL', 'PNT', 'SRS', 'KRTS')",NaN,459373
gonzalo higuaaan,KNSLKN,NaN,"('KNSL', 'HKN')",NaN,40232
grady diangana,TNKNKRT,NaN,"('KRT', 'TNKN')",NaN,179830
granit xhaka,KRNTKSK,NaN,"('KRNT', 'SK')",NaN,84450
grant hanley,KRNTNL,NaN,"('KRNT', 'HNL')",NaN,83428
greg cunninghamm,KNNKMKRK,NaN,"('KRK', 'KNNKM')",NaN,80792
greg halford,KRKLFRT,NaN,"('KRK', 'HLFRT')",NaN,14927
guido carrillo,KRLKT,NaN,"('KT', 'KRL')","('', 'KR')",98914
gylfi sigurdsson,KLFSKRTSN,JLFSKRTSN,"('KLF', 'SKRTSN')","('JLF', '')",55422
haaaactor belleraaaan,PLRNKTR,NaN,"('HKTR', 'PLRN')",NaN,98745
haaaalder costa,KSTLTR,NaN,"('HLTR', 'KST')",NaN,165808
haactor belleraan,PLRNKTR,NaN,"('HKTR', 'PLRN')",NaN,98745
haalder costa,KSTLTR,NaN,"('HLTR', 'KST')",NaN,165808
haalder wander sousa de azevedo e costa,ASFTKSTTLTRSSNTR,ATSFTKSTTLTRSSNTR,"('HLTR', 'ANTR', 'SS', 'T', 'ASFT', 'A', 'KST')","('', 'FNTR', '', '', '', '', '')",165808
haavard nordtveit,HFRTNRTFT,NaN,"('HFRT', 'NRTFT')",NaN,43626
hakim ziyech,HKMSX,HKMTSK,"('HKM', 'SX')","('', 'SK')",124183
hal robson kanu,HLKNRPSN,NaN,"('HL', 'RPSN', 'KN')",NaN,49440
hamza choudhury,XTRMS,NaN,"('HMS', 'XTR')",NaN,197469
hannibal mejbri,HNPLMPR,NaN,"('HNPL', 'MPR')",NaN,465527
harrison reed,HRSNRT,NaN,"('HRSN', 'RT')",NaN,153366
harry arter,ARTRR,NaN,"('HR', 'ARTR')",NaN,48615
harry boyes,PSR,NaN,"('HR', 'PS')",NaN,235640
harry kane,HRKN,NaN,"('HR', 'KN')",NaN,78830
harry lewis,HRLS,NaN,"('HR', 'LS')",NaN,198044
harry maguire,HRMKR,NaN,"('HR', 'MKR')",NaN,95658
harry tyrer,HRTRR,NaN,"('HR', 'TRR')",NaN,447325
harry wilson,HRLSN,NaN,"('HR', 'ALSN')","('', 'FLSN')",153682
harry winks,HRNKS,NaN,"('HR', 'ANKS')","('', 'FNKS')",157668
harvey barnes,PRNSRF,NaN,"('HRF', 'PRNS')",NaN,201666
harvey elliott,ALTRF,NaN,"('HRF', 'ALT')",NaN,444884
harvey white,HRFT,NaN,"('HRF', 'AT')",NaN,448791
henri lansbury,HNRLNSPR,NaN,"('HNR', 'LNSPR')",NaN,40564
henrikh mkhitaryan,HNRKMKTRN,NaN,"('HNRK', 'MKTRN')",NaN,57249
heung min son,HNKMNSN,NaN,"('HNK', 'MN', 'SN')",NaN,85971
heurelho da silva gomes,TKMSRLSLF,NaN,"('HRL', 'T', 'SLF', 'KMS')",NaN,18656
heurelho gomes,KMSRL,NaN,"('HRL', 'KMS')",NaN,18656
hugo bueno,PNK,NaN,"('HK', 'PN')",NaN,490721
hugo lloris,HKLRS,NaN,"('HK', 'LRS')",NaN,37915
ian carlo poveda ocampo,KRLNKMPPFT,NaN,"('AN', 'KRL', 'PFT', 'AKMP')",NaN,215460
ibrahim amadou,AMTPRHM,NaN,"('APRHM', 'AMT')",NaN,128348
ibrahima cissaa,SSPRHM,NaN,"('APRHM', 'SS')",NaN,109999
ibrahima diallo,TLPRHM,NaN,"('APRHM', 'TL')",NaN,240143
idrissa gueye,KTRS,NaN,"('ATRS', 'K')",NaN,80801
ignacio pussetto,AKNSPST,ANXPST,"('AKNS', 'PST')","('ANX', '')",168290
iliman ndiaye,ALMNNT,NaN,"('ALMN', 'NT')",NaN,440993
ilkay gaaaandogan,KNTKNLK,NaN,"('ALK', 'KNTKN')",NaN,59859
ilkay gaandogan,KNTKNLK,NaN,"('ALK', 'KNTKN')",NaN,59859
illan meslier,ALNMSL,ALNMSLR,"('ALN', 'MSL')","('', 'MSLR')",437495
indiana vassilev,ANTNFSLF,NaN,"('ANTN', 'FSLF')",NaN,223349
isaac hayden,HTNSK,NaN,"('ASK', 'HTN')",NaN,153127
isaac mbenza,ASKMPNS,NaN,"('ASK', 'MPNS')",NaN,204454
isaac price,ASKPRS,NaN,"('ASK', 'PRS')",NaN,491559
isaac success ajayi,AJSKSKSS,AHSKSKSS,"('ASK', 'SKSS', 'AJ')","('', '', 'AH')",173514
islam slimani,ALMSLMN,NaN,"('ALM', 'SLMN')","('', 'XLMN')",149828
ismaaaaala sarr,ASMLSR,NaN,"('ASML', 'SR')",NaN,232185
issa diop,TPS,NaN,"('AS', 'TP')",NaN,219924
ivan cavaleiro,KFLRFN,NaN,"('AFN', 'KFLR')",NaN,166324
ivan ricardo neves abreu cavaleiro,APRKFLRFNNFSRKRT,NaN,"('AFN', 'RKRT', 'NFS', 'APR', 'KFLR')",NaN,166324
jaaaargen locadia,JRJNLKT,ARKNLKT,"('JRJN', 'LKT')","('ARKN', '')",106757
jaargen locadia,JRJNLKT,ARKNLKT,"('JRJN', 'LKT')","('ARKN', '')",106757
jack butland,PTLNTJK,NaN,"('JK', 'PTLNT')","('AK', '')",105666
jack colback,KLPKJK,NaN,"('JK', 'KLPK')","('AK', '')",58771
jack cork,KRKJK,NaN,"('JK', 'KRK')","('AK', '')",40145
jack grealish,KRLXJK,NaN,"('JK', 'KRLX')","('AK', '')",114283
jack harrison,HRSNJK,NaN,"('JK', 'HRSN')","('AK', '')",221399
jack jenkins,JKJNKNS,AKJNKNS,"('JK', 'JNKNS')","('AK', 'ANKNS')",492374
jack o'connell,JKKNL,AKKNL,"('JK', 'AAKNL')","('AK', '')",146610
jack robinson,JKRPNSN,AKRPNSN,"('JK', 'RPNSN')","('AK', '')",83427
jack rodwell,JKRTL,AKRTL,"('JK', 'RTL')","('AK', '')",49384
jack simpson,JKSMPSN,AKSMPSN,"('JK', 'SMPSN')","('AK', '')",222434
jack stacey,JKSTS,AKSTS,"('JK', 'STS')","('AK', '')",154131
jack stephens,JKSTFNS,AKSTFNS,"('JK', 'STFNS')","('AK', '')",88900
jack wilshere,JKLXR,AKLXR,"('JK', 'ALXR')","('AK', 'FLXR')",54102
jack young,JKNK,AKNK,"('JK', 'ANK')","('AK', '')",232979
jacob maddox,JKPMTKS,AKPMTKS,"('JKP', 'MTKS')","('AKP', '')",174590
jacob murphy,JKPMRF,AKPMRF,"('JKP', 'MRF')","('AKP', '')",114243
jacob ramsey,JKPRMS,AKPRMS,"('JKP', 'RMS')","('AKP', '')",232653
jaden philogene bidace,PTSJTNFLJN,PTSJTNFLKN,"('JTN', 'FLJN', 'PTS')","('ATN', 'FLKN', '')",481624
jairo riedewald,JRRTLT,ARRTLT,"('JR', 'RTLT')","('AR', '')",173954
jake cain,KNJK,NaN,"('JK', 'KN')","('AK', '')",243343
jake eastwood,ASTTJK,NaN,"('JK', 'ASTT')","('AK', '')",213280
jake livermore,JKLFRMR,AKLFRMR,"('JK', 'LFRMR')","('AK', '')",49944
jake vokins,JKFKNS,AKFKNS,"('JK', 'FKNS')","('AK', '')",214470
jakub moder,JKPMTR,AKPMTR,"('JKP', 'MTR')","('AKP', '')",243505
jakub ojrzynski,JKPJRSNSK,AKPJRTSNSK,"('JKP', 'AJRSNSK')","('AKP', 'AJRTSNSK')",490138
jamaal lascelles,JMLLSLS,AMLLSLS,"('JML', 'LSLS')","('AML', '')",101148
jamal baptiste,PPTSTJML,NaN,"('JML', 'PPTST')","('AML', '')",462384
jamal lewis,JMLLS,AMLLS,"('JML', 'LS')","('AML', '')",194799
james bree,PRJMS,NaN,"('JMS', 'PR')","('AMS', '')",184386
james chester,XSTRJMS,NaN,"('JMS', 'XSTR')","('AMS', '')",43252
james daly,TLJMS,NaN,"('JMS', 'TL')","('AMS', '')",432705
james garner,KRNRJMS,NaN,"('JMS', 'KRNR')","('AMS', '')",232928
james justin,JMSJSTN,AMSJSTN,"('JMS', 'JSTN')","('AMS', 'ASTN')",220627
james maddison,JMSMTSN,AMSMTSN,"('JMS', 'MTSN')","('AMS', '')",172780
james mcarthur,JMSMKR0R,AMSMKRTR,"('JMS', 'MKR0R')","('AMS', 'MKRTR')",50471
james mccarthy,JMSMKR0,AMSMKRT,"('JMS', 'MKR0')","('AMS', 'MKRT')",50472
james milner,JMSMLNR,AMSMLNR,"('JMS', 'MLNR')","('AMS', '')",15157
james rodraaguez,JMSRTRKS,AMSRTRKS,"('JMS', 'RTRKS')","('AMS', '')",60025
james tarkowski,JMSTRKSK,AMSTRKFSK,"('JMS', 'TRKSK')","('AMS', 'TRKFSK')",17761
james tomkins,JMSTMKNS,AMSTMKNS,"('JMS', 'TMKNS')","('AMS', '')",49413
james trafford,JMSTRFRT,AMSTRFRT,"('JMS', 'TRFRT')","('AMS', '')",432720
james ward prowse,JMSPRSRT,AMSPRSRT,"('JMS', 'ART', 'PRS')","('AMS', 'FRT', '')",101178
jamie shackleton,JMXKLTN,AMXKLTN,"('JM', 'XKLTN')","('AM', '')",221610
jamie sterry,JMSTR,AMSTR,"('JM', 'STR')","('AM', '')",181397
jamie vardy,JMFRT,AMFRT,"('JM', 'FRT')","('AM', '')",101668
jan bednarek,PTNRKJN,NaN,"('JN', 'PTNRK')","('AN', '')",171771
jan vertonghen,JNFRTNKN,ANFRTNKN,"('JN', 'FRTNKN')","('AN', '')",39194
jannik vestergaard,JNKFSTRKRT,ANKFSTRKRT,"('JNK', 'FSTRKRT')","('ANK', '')",93100
japhet tanganga,JFTTNKNK,AFTTNKNK,"('JFT', 'TNKNK')","('AFT', '')",199584
jaroslaw jach,JKJRSL,AKJRSLF,"('JRSL', 'JK')","('ARSLF', 'AK')",185478
jarrad branthwaite,PRN0TJRT,PRNTTJRT,"('JRT', 'PRN0T')","('ART', 'PRNTT')",480455
jarrod bowen,PNJRT,NaN,"('JRT', 'PN')","('ART', '')",178186
jason puncheon,JSNPNXN,ASNPNKN,"('JSN', 'PNXN')","('ASN', 'PNKN')",19197
jason steele,JSNSTL,ASNSTL,"('JSN', 'STL')","('ASN', '')",49262
javier hernaaaandez balcaaaazar,PLKSRRNNTSJF,PLKSRRNNTSJFR,"('JF', 'HRNNTS', 'PLKSR')","('AFR', '', '')",43020
javier hernaandez balcaazar,PLKSRRNNTSJF,PLKSRRNNTSJFR,"('JF', 'HRNNTS', 'PLKSR')","('AFR', '', '')",43020
javier manquillo,JFRMNKL,AFRMNK,"('JF', 'MNKL')","('AFR', 'MNK')",109528
jay rodriguez,JRTRKS,ARTRKS,"('J', 'RTRKS')","('A', '')",44683
jay roy grot,KRTJR,NaN,"('J', 'R', 'KRT')","('A', '', '')",204642
jayden bogle,PKLJTN,NaN,"('JTN', 'PKL')","('ATN', '')",226182
jayson molumby,JSNMLMP,ASNMLMP,"('JSN', 'MLMP')","('ASN', '')",220738
jean michaaal seri,JNMXLSR,ANMKLSR,"('JN', 'MXL', 'SR')","('AN', 'MKL', '')",170271
jean michael seri,JNMKLSR,ANMXLSR,"('JN', 'MKL', 'SR')","('AN', 'MXL', '')",170271
jean philippe gbamin,KPMNJNFLP,NaN,"('JN', 'FLP', 'KPMN')","('AN', '', '')",160987
jean philippe mateta,JNMTTFLP,ANMTTFLP,"('JN', 'FLP', 'MTT')","('AN', '', '')",231747
jed steer,JTSTR,ATSTR,"('JT', 'STR')","('AT', '')",79852
jeff hendrick,HNTRKJF,NaN,"('JF', 'HNTRK')","('AF', '')",83314
jefferson lerma,JFRSNLRM,AFRSNLRM,"('JFRSN', 'LRM')","('AFRSN', '')",152551
jeffrey schlupp,JFRXLP,AFRXLP,"('JFR', 'XLP')","('AFR', 'SLP')",86417
jensen weir,JNSNR,ANSNR,"('JNSN', 'AR')","('ANSN', 'FR')",440241
jeremy ngakia,JRMNKK,ARMNKK,"('JRM', 'NKK')","('ARM', '')",232391
jermain defoe,TFJRMN,NaN,"('JRMN', 'TF')","('ARMN', '')",7958
jerome sinclair,JRMSNKLR,ARMSNKLR,"('JRM', 'SNKLR')","('ARM', '')",133801
jesaaaas vallejo laaaazaro,JSSLSRFLJ,ASSLSRFH,"('JSS', 'FLJ', 'LSR')","('ASS', 'FH', '')",178876
jesse lingard,JSLNKRT,ASLNKRT,"('JS', 'LNKRT')","('AS', '')",109322
jesurun rak sakyi,JSRNRKSK,ASRNRKSK,"('JSRN', 'RK', 'SK')","('ASRN', '', '')",450542
jetro willems,JTRLMS,ATRLMS,"('JTR', 'ALMS')","('ATR', 'FLMS')",92159
jimmy dunne,TNJM,NaN,"('JM', 'TN')","('AM', '')",218023
joaaaao filipe iria santos moutinho,FLPRJMTNSNTS,NaN,"('J', 'FLP', 'AR', 'SNTS', 'MTN')","('A', '', '', '', '')",19624
joaaaao manuel neves virgaaaania,JMNLNFSFRKN,AMNLNFSFRKN,"('J', 'MNL', 'NFS', 'FRKN')","('A', '', '', '')",222627
joaaaao pedro cavaco cancelo,KNSLKFKJPTR,NaN,"('J', 'PTR', 'KFK', 'KNSL')","('A', '', '', '')",121145
joaaaao pedro junqueira de jesus,TJSSJJNKRPTR,NaN,"('J', 'PTR', 'JNKR', 'T', 'JSS')","('A', '', 'ANKR', '', 'ASS')",475168
joaal veltman,JLFLTMN,ALFLTMN,"('JL', 'FLTMN')","('AL', '')",111478
joaao filipe iria santos moutinho,FLPRJMTNSNTS,NaN,"('J', 'FLP', 'AR', 'SNTS', 'MTN')","('A', '', '', '', '')",19624
joaao pedro cavaco cancelo,KNSLKFKJPTR,NaN,"('J', 'PTR', 'KFK', 'KNSL')","('A', '', '', '')",121145
joaao virgaania,JFRKN,AFRKN,"('J', 'FRKN')","('A', '')",222627
joachim andersen,ANTRSNJXM,ANTRSNJKM,"('JXM', 'ANTRSN')","('AKM', '')",174874
joe bennett,PNTJ,NaN,"('J', 'PNT')","('A', '')",56981
joe bryan,PRNJ,NaN,"('J', 'PRN')","('A', '')",101105
joe gelhardt,KLRTJ,JLRTJ,"('J', 'KLRT')","('A', 'JLRT')",462635
joe hart,HRTJ,NaN,"('J', 'HRT')","('A', '')",15749
joe powell,JPL,APL,"('J', 'PL')","('A', '')",195860
joe ralls,JRLS,ARLS,"('J', 'RLS')","('A', '')",104073
joe rodon,JRTN,ARTN,"('J', 'RTN')","('A', '')",214225
joe tupper,JTPR,ATPR,"('J', 'TPR')","('A', '')",209411
joel coleman,KLMNJL,NaN,"('JL', 'KLMN')","('AL', '')",168977
joel matip,JLMTP,ALMTP,"('JL', 'MTP')","('AL', '')",60914
joel mumbongo,JLMMPNK,ALMMPNK,"('JL', 'MMPNK')","('AL', '')",430367
joel ward,JLRT,ALRT,"('JL', 'ART')","('AL', 'FRT')",55494
joelinton caaaassio apolinaaaario de lira,APLNRKSTJLNTNLR,NaN,"('JLNTN', 'KS', 'APLNR', 'T', 'LR')","('ALNTN', '', '', '', '')",180974
joelinton caassio apolinaario de lira,APLNRKSTJLNTNLR,NaN,"('JLNTN', 'KS', 'APLNR', 'T', 'LR')","('ALNTN', '', '', '', '')",180974
johann berg gudmundsson,PRKKTMNTSNJHN,NaN,"('JHN', 'PRK', 'KTMNTSN')","('AHN', '', '')",60586
john egan,AKNJN,NaN,"('JN', 'AKN')","('AN', '')",108416
john fleck,FLKJN,NaN,"('JN', 'FLK')","('AN', '')",47247
john kymani gordon,KRTNJNKMN,NaN,"('JN', 'KMN', 'KRTN')","('AN', '', '')",461382
john lundstram,JNLNTSTRM,ANLNTSTRM,"('JN', 'LNTSTRM')","('AN', '')",153723
john mcginn,JNMKN,ANMKN,"('JN', 'MKN')","('AN', '')",122806
john ruddy,JNRT,ANRT,"('JN', 'RT')","('AN', '')",19236
john stones,JNSTNS,ANSTNS,"('JN', 'STNS')","('AN', '')",97299
jon gorenc stankovic,KRNKJNSTNKFK,NaN,"('JN', 'KRNK', 'STNKFK')","('AN', '', '')",192301
jonas laaaassl,JNSLSL,ANSLSL,"('JNS', 'LSL')","('ANS', '')",57513
jonas laassl,JNSLSL,ANSLSL,"('JNS', 'LSL')","('ANS', '')",57513
jonathan castro otto,KSTRJN0NT,KSTRJNTNT,"('JN0N', 'KSTR', 'AT')","('ANTN', '', '')",114128
jonathan hogg,HKJN0N,HKJNTN,"('JN0N', 'HK')","('ANTN', '')",79619
jonathan kodjia,JN0NKTJ,ANTNKTJ,"('JN0N', 'KTJ')","('ANTN', '')",54764
jonathan leko,JN0NLK,ANTNLK,"('JN0N', 'LK')","('ANTN', '')",173809
jonathan walters,JN0NLTRS,ANTNLTRS,"('JN0N', 'ALTRS')","('ANTN', 'FLTRS')",12813
jonjo shelvey,JNJXLF,ANJXLF,"('JNJ', 'XLF')","('ANJ', '')",50232
jonjoe kenny,JNJKN,ANJKN,"('JNJ', 'KN')","('ANJ', '')",153673
jonny evans,AFNSJN,NaN,"('JN', 'AFNS')","('AN', '')",37642
jordan ayew,AJRTN,NaN,"('JRTN', 'A')","('ARTN', 'AF')",80146
jordan henderson,HNTRSNJRTN,NaN,"('JRTN', 'HNTRSN')","('ARTN', '')",56979
jordan hugill,HJLJRTN,HKLJRTN,"('JRTN', 'HJL')","('ARTN', 'HKL')",167522
jordan pickford,JRTNPKFRT,ARTNPKFRT,"('JRTN', 'PKFRT')","('ARTN', '')",111234
jordan stevens,JRTNSTFNS,ARTNSTFNS,"('JRTN', 'STFNS')","('ARTN', '')",434138
jordan thomas,JRTNTMS,ARTNTMS,"('JRTN', 'TMS')","('ARTN', '')",444253
jordon ibe,APJRTN,NaN,"('JRTN', 'AP')","('ARTN', '')",103912
jorge luiz frello filho,FLFRLJRJLS,FLFRLJRKLS,"('JRJ', 'LS', 'FRL', 'FL')","('ARK', '', '', '')",85955
josaa diogo dalot teixeira,TLTTKJSTKSR,NaN,"('JS', 'TK', 'TLT', 'TKSR')","('AS', '', '', '')",216051
josaa heriberto izquierdo mena,HRPRTSKRTJSMN,NaN,"('JS', 'HRPRT', 'ASKRT', 'MN')","('AS', '', '', '')",167473
josaa holebas,HLPSJS,NaN,"('JS', 'HLPS')","('AS', '')",40868
josaa ignacio peleteiro romallo,AKNSJSPLTRRML,ANXJSPLTRRML,"('JS', 'AKNS', 'PLTR', 'RML')","('AS', 'ANX', '', '')",89274
josaa izquierdo,ASKRTJS,NaN,"('JS', 'ASKRT')","('AS', '')",167473
josaaaa aaaangel esmoraaaas tasende,ANJLSMRSJSTSNT,ANKLSMRSJSTSNT,"('JS', 'ANJL', 'ASMRS', 'TSNT')","('AS', 'ANKL', '', '')",145235
josaaaa diogo dalot teixeira,TLTTKJSTKSR,NaN,"('JS', 'TK', 'TLT', 'TKSR')","('AS', '', '', '')",216051
josaaaa heriberto izquierdo mena,HRPRTSKRTJSMN,NaN,"('JS', 'HRPRT', 'ASKRT', 'MN')","('AS', '', '', '')",167473
josaaaa holebas,HLPSJS,NaN,"('JS', 'HLPS')","('AS', '')",40868
josaaaa ignacio peleteiro romallo,AKNSJSPLTRRML,ANXJSPLTRRML,"('JS', 'AKNS', 'PLTR', 'RML')","('AS', 'ANX', '', '')",89274
josaaaa reina,JSRN,ASRN,"('JS', 'RN')","('AS', '')",8432
jose luis mato sanmartaaaan,HSLSMTSNMRTN,NaN,"('JS', 'LS', 'MT', 'SNMRTN')","('HS', '', '', '')",61316
jose luis mato sanmartaan,HSLSMTSNMRTN,NaN,"('JS', 'LS', 'MT', 'SNMRTN')","('HS', '', '', '')",61316
joseph anang,ANNKJSF,ANNKHSF,"('JSF', 'ANNK')","('HSF', '')",447879
joseph gomez,KMSJSF,KMSHSF,"('JSF', 'KMS')","('HSF', '')",171287
joseph willock,JSFLK,HSFLK,"('JSF', 'ALK')","('HSF', 'FLK')",200089
josh benson,PNSNJX,NaN,"('JX', 'PNSN')","('AX', '')",217401
josh brownhill,PRNLJX,NaN,"('JX', 'PRNL')","('AX', '')",172782
josh knight,JXKNT,AXKNT,"('JX', 'NT')","('AX', '')",201667
josh maja,JXMJ,AXMH,"('JX', 'MJ')","('AX', 'MH')",195480
josh martin,JXMRTN,AXMRTN,"('JX', 'MRTN')","('AX', '')",439485
josh murphy,JXMRF,AXMRF,"('JX', 'MRF')","('AX', '')",114245
josh onomah,JXNM,AXNM,"('JX', 'ANM')","('AX', '')",168765
josh sims,JXSMS,AXSMS,"('JX', 'SMS')","('AX', '')",153379
joshua king,JXKNK,AXKNK,"('JX', 'KNK')","('AX', '')",78007
joshua sims,JXSMS,AXSMS,"('JX', 'SMS')","('AX', '')",153379
josip drmic,TRMKJSP,NaN,"('JSP', 'TRMK')","('ASP', '')",81048
juan foyth,F0JN,FTJN,"('JN', 'F0')","('AN', 'FT')",234908
juan mata,JNMT,ANMT,"('JN', 'MT')","('AN', '')",43670
julian speroni,JLNSPRN,ALNSPRN,"('JLN', 'SPRN')","('ALN', '')",11554
juninho bacuna,PKNJNN,NaN,"('JNN', 'PKN')","('ANN', '')",204380
junior stanislas,JNRSTNLS,ANRSTNLS,"('JNR', 'STNLS')","('ANR', '')",56872
kadeem harris,HRSKTM,NaN,"('KTM', 'HRS')",NaN,78911
kai havertz,HFRTSK,NaN,"('K', 'HFRTS')",NaN,219847
kaine hayden,HTNKN,NaN,"('KN', 'HTN')",NaN,465390
kalvin phillips,KLFNFLPS,NaN,"('KLFN', 'FLPS')",NaN,155405
kamil grosicki,KRSKKML,NaN,"('KML', 'KRSK')",NaN,49957
kamil miazek,KMLMSK,KMLMTSK,"('KML', 'MSK')","('', 'MTSK')",214987
karl darlow,TRLKRL,NaN,"('KRL', 'TRL')","('', 'TRLF')",59735
karlan grant,KRNTKRLN,NaN,"('KRLN', 'KRNT')",NaN,180294
karlo ziger,KRLSJR,KRLTSKR,"('KRL', 'SJR')","('', 'SKR')",431019
kasper schmeichel,KSPRXMXL,KSPRXMKL,"('KSPR', 'XMKL')","('', 'SMKL')",17745
kayne ramsay,KNRMS,NaN,"('KN', 'RMS')",NaN,232797
kazaiah sterling,KSSTRLNK,KTSSTRLNK,"('KS', 'STRLNK')","('KTS', '')",198504
kean bryan,PRNKN,NaN,"('KN', 'PRN')",NaN,109638
keinan davis,TFSKNN,NaN,"('KNN', 'TFS')",NaN,221239
kelechi iheanacho,AHNKKLX,AHNKKLK,"('KLX', 'AHNK')","('KLK', '')",173515
kelland watts,KLNTTS,NaN,"('KLNT', 'ATS')","('', 'FTS')",232977
ken sema,KNSM,NaN,"('KN', 'SM')",NaN,157775
kenneth zohore,KN0SHR,KNTTSHR,"('KN0', 'SHR')","('KNT', '')",82078
kenny mclean,KNMKLN,NaN,"('KN', 'MKLN')",NaN,78607
kenny tete,KNTT,NaN,"('KN', 'TT')",NaN,167074
kepa arrizabalaga,ARSPLKKP,ARTSPLKKP,"('KP', 'ARSPLK')",NaN,109745
kevin danso,TNSKFN,NaN,"('KFN', 'TNS')",NaN,135720
kevin de bruyne,PRNTKFN,NaN,"('KFN', 'T', 'PRN')",NaN,61366
kevin long,KFNLNK,NaN,"('KFN', 'LNK')",NaN,41674
kevin mcdonald,KFNMKTNLT,NaN,"('KFN', 'MKTNLT')",NaN,55038
kevin mirallas,KFNMRLS,NaN,"('KFN', 'MRLS')",NaN,26901
kgaogelo chauke,XKKKJL,XKKKKL,"('KKJL', 'XK')","('KKKL', '')",445896
ki jana hoever,HFRJNK,NaN,"('K', 'JN', 'HFR')","('', 'AN', '')",441271
kieran dowell,TLKRN,NaN,"('KRN', 'TL')",NaN,171270
kieran gibbs,KPSKRN,JPSKRN,"('KRN', 'KPS')","('', 'JPS')",42427
kieran tierney,KRNTRN,NaN,"('KRN', 'TRN')",NaN,192895
kieran trippier,KRNTRPR,NaN,"('KRN', 'TRP')","('', 'TRPR')",77794
kieron freeman,FRMNKRN,NaN,"('KRN', 'FRMN')",NaN,87121
konstantinos mavropanos,KNSTNTNSMFRPNS,NaN,"('KNSTNTNS', 'MFRPNS')",NaN,233963
konstantinos tsimikas,KNSTNTNSTSMKS,NaN,"('KNSTNTNS', 'TSMKS')",NaN,214285
kortney hause,HSKRTN,NaN,"('KRTN', 'HS')",NaN,123354
kurt zouma,KRTSM,KRTTSM,"('KRT', 'SM')",NaN,103192
kyle bartley,PRTLKL,NaN,"('KL', 'PRTL')",NaN,59940
kyle edwards,ATRTSKL,NaN,"('KL', 'ATRTS')",NaN,174593
kyle john,JNKL,ANKL,"('KL', 'JN')","('', 'AN')",232829
kyle taylor,KLTLR,NaN,"('KL', 'TLR')",NaN,431774
kyle walker,KLLKR,NaN,"('KL', 'ALKR')","('', 'FLKR')",58621
kyle walker peters,KLPTRSLKR,NaN,"('KL', 'ALKR', 'PTRS')","('', 'FLKR', '')",158534
kyron gordon,KRTNKRN,NaN,"('KRN', 'KRTN')",NaN,478449
laao bonatini,PNTNL,NaN,"('L', 'PNTN')",NaN,141569
laurent depoitre,TPTRLRNT,NaN,"('LRNT', 'TPTR')",NaN,147303
laurent koscielny,KSLNLRNT,NaN,"('LRNT', 'KSLN')",NaN,51507
lazar markovic,LSRMRKFK,LTSRMRKFK,"('LSR', 'MRKFK')",NaN,99323
leander dendoncker,TNTNKRLNTR,NaN,"('LNTR', 'TNTNKR')",NaN,151589
leandro bacuna,PKNLNTR,NaN,"('LNTR', 'PKN')",NaN,74297
leandro trossard,LNTRTRSRT,NaN,"('LNTR', 'TRSRT')",NaN,116216
lee grant,KRNTL,NaN,"('L', 'KRNT')",NaN,6744
lee peltier,LPLT,LPLTR,"('L', 'PLT')","('', 'PLTR')",38716
leif davis,TFSLF,NaN,"('LF', 'TFS')",NaN,455084
leighton baines,PNSLTN,NaN,"('LTN', 'PNS')",NaN,12745
leighton clarkson,KLRKSNLTN,NaN,"('LTN', 'KLRKSN')",NaN,233489
leon balogun,PLKNLN,NaN,"('LN', 'PLKN')",NaN,52484
leon clarke,KLRKLN,NaN,"('LN', 'KLRK')",NaN,18440
leonardo campana,KMPNLNRT,NaN,"('LNRT', 'KMPN')",NaN,474003
leroy sanaa,LRSN,NaN,"('LR', 'SN')",NaN,182156
leroy sanaaaa,LRSN,NaN,"('LR', 'SN')",NaN,182156
lewis bate,PTLS,NaN,"('LS', 'PT')",NaN,450529
lewis cass,KSLS,NaN,"('LS', 'KS')",NaN,232960
lewis cook,KKLS,NaN,"('LS', 'KK')",NaN,155408
lewis dunk,TNKLS,NaN,"('LS', 'TNK')",NaN,83299
lewis gibson,KPSNLS,JPSNLS,"('LS', 'KPSN')","('', 'JPSN')",232964
lewis richards,LSRXRTS,LSRKRTS,"('LS', 'RXRTS')","('', 'RKRTS')",437688
lewis richardson,LSRXRTSN,LSRKRTSN,"('LS', 'RXRTSN')","('', 'RKRTSN')",461096
liam cooper,KPRLM,NaN,"('LM', 'KPR')",NaN,55914
liam delap,TLPLM,NaN,"('LM', 'TLP')",NaN,463034
liam gibson,KPSNLM,JPSNLM,"('LM', 'KPSN')","('', 'JPSN')",156069
liam hughes,HHSLM,NaN,"('LM', 'HHS')",NaN,433019
lloyd kelly,KLLT,NaN,"('LT', 'KL')",NaN,235530
loaac damour,TMRLK,NaN,"('LK', 'TMR')",NaN,54527
loris karius,KRSLRS,NaN,"('LRS', 'KRS')",NaN,104542
lovre kalinic,KLNKLFR,NaN,"('LFR', 'KLNK')",NaN,88175
luca de la torre,TLLKTR,NaN,"('LK', 'T', 'L', 'TR')",NaN,176414
lucas digne,TNLKS,TKNLKS,"('LKS', 'TN')","('', 'TKN')",101188
lucas paarez,LKSPRS,NaN,"('LKS', 'PRS')",NaN,155851
lucas perri,LKSPR,NaN,"('LKS', 'PR')",NaN,201595
lucas rodrigues moura da silva,TLKSMRRTRKSSLF,NaN,"('LKS', 'RTRKS', 'MR', 'T', 'SLF')",NaN,95715
lucas torreira,LKSTRR,NaN,"('LKS', 'TRR')",NaN,198849
luciano vietto,LSNFT,LXNFT,"('LSN', 'FT')","('LXN', '')",108093
luka milivojevic,LKMLFJFK,NaN,"('LK', 'MLFJFK')",NaN,66975
lukas jensen,JNSNLKS,ANSNLKS,"('LKS', 'JNSN')","('', 'ANSN')",449974
lukas rupp,LKSRP,NaN,"('LKS', 'RP')",NaN,76306
lukasz fabianski,FPNSKLKS,FPNSKLKX,"('LKS', 'FPNSK')","('LKX', '')",37096
luke amos,AMSLK,NaN,"('LK', 'AMS')",NaN,168764
luke ayling,ALNKLK,NaN,"('LK', 'ALNK')",NaN,66588
luke cundle,KNTLLK,NaN,"('LK', 'KNTL')",NaN,245923
luke dreher,TRHRLK,NaN,"('LK', 'TRHR')",NaN,221275
luke freeman,FRMNLK,NaN,"('LK', 'FRMN')",NaN,49083
luke mbete,LKMPT,NaN,"('LK', 'MPT')",NaN,439510
luke shaw,LKX,LKXF,"('LK', 'X')","('', 'XF')",106760
luke thomas,LKTMS,NaN,"('LK', 'TMS')",NaN,244619
lys mousset,LSMST,NaN,"('LS', 'MST')",NaN,178304
maarten stekelenburg,MRTNSTKLNPRK,NaN,"('MRTN', 'STKLNPRK')",NaN,10318
mace goodridge,KTRJMS,NaN,"('MS', 'KTRJ')",NaN,195064
mahmoud ahmed ibrahim hassan,AMTSNPRHMMMT,NaN,"('MMT', 'AMT', 'APRHM', 'HSN')",NaN,148508
mamadou sakho,MMTSK,NaN,"('MMT', 'SK')",NaN,40784
manolo gabbiadini,KPTNMNL,NaN,"('MNL', 'KPTN')",NaN,61548
manuel lanzini,LNSNMNL,NaN,"('MNL', 'LNSN')",NaN,86934
marc albrighton,ALPRTNMRK,NaN,"('MRK', 'ALPRTN')",NaN,51938
marc navarro,MRKNFR,NaN,"('MRK', 'NFR')",NaN,220166
marc pugh,MRKPK,NaN,"('MRK', 'P')",NaN,20037
marco stiepermann,MRKSTPRMN,NaN,"('MRK', 'STPRMN')",NaN,71738
marcos alonso,ALNSMRKS,NaN,"('MRKS', 'ALNS')",NaN,82263
marcos rojo,MRKSRJ,MRKSRH,"('MRKS', 'RJ')","('', 'RH')",58893
marcus bettinelli,PTNLMRKS,NaN,"('MRKS', 'PTNL')",NaN,122074
marcus rashford,MRKSRXFRT,NaN,"('MRKS', 'RXFRT')",NaN,176297
marek rodaak,MRKRTK,NaN,"('MRK', 'RTK')",NaN,155529
mario lemina,LMNMR,NaN,"('MR', 'LMN')",NaN,151086
mario vrancic,MRFRNSK,NaN,"('MR', 'FRNSK')",NaN,37614
mark duffy,TFMRK,NaN,"('MRK', 'TF')",NaN,59614
mark gillespie,KLSPMRK,JLSPMRK,"('MRK', 'KLSP')","('', 'JLSP')",81441
mark noble,MRKNPL,NaN,"('MRK', 'NPL')",NaN,18073
mark travers,MRKTRFRS,NaN,"('MRK', 'TRFRS')",NaN,229600
marko arnautovic,ARNTFKMRK,NaN,"('MRK', 'ARNTFK')",NaN,41464
markus suttner,MRKSSTNR,NaN,"('MRKS', 'STNR')",NaN,43808
marouane fellaini,FLNMRN,NaN,"('MRN', 'FLN')",NaN,41184
martaaaan montoya,MRTNMNT,NaN,"('MRTN', 'MNT')",NaN,86153
martaan montoya,MRTNMNT,NaN,"('MRTN', 'MNT')",NaN,86153
martin aadegaard,ATKRTMRTN,NaN,"('MRTN', 'ATKRT')",NaN,184029
martin dubravka,TPRFKMRTN,NaN,"('MRTN', 'TPRFK')",NaN,67089
martin kelly,KLMRTN,NaN,"('MRTN', 'KL')",NaN,58786
marvelous nakamba,MRFLSNKMP,NaN,"('MRFLS', 'NKMP')",NaN,184704
marvin zeegelaar,MRFNSJLR,MRFNSKLR,"('MRFN', 'SJLR')","('', 'SKLR')",66247
mason greenwood,KRNTMSN,NaN,"('MSN', 'KRNT')",NaN,220688
mason holgate,HLKTMSN,NaN,"('MSN', 'HLKT')",NaN,194164
mason mount,MSNMNT,NaN,"('MSN', 'MNT')",NaN,184341
matej vydra,MTJFTR,NaN,"('MTJ', 'FTR')","('MT ', '')",81183
mateo kovacic,KFSKMT,NaN,"('MT', 'KFSK')",NaN,91651
mateusz bogusz,PKSMTS,PKXMTX,"('MTS', 'PKS')","('MTX', 'PKX')",480216
mateusz klich,KLXMTS,KLKMTX,"('MTS', 'KLX')","('MTX', 'KLK')",72222
matheus pereira,M0SPRR,MTSPRR,"('M0S', 'PRR')","('MTS', '')",210407
mathew ryan,M0RN,MTRN,"('M0', 'RN')","('MTF', '')",131897
mathias jorgensen,JRJNSNM0S,ARKNSNMTS,"('M0S', 'JRJNSN')","('MTS', 'ARKNSN')",48760
matija sarkic,MTJSRKK,NaN,"('MTJ', 'SRKK')","('MTH', '')",216208
matt butcher,PXRMT,NaN,"('MT', 'PXR')",NaN,200370
matt doherty,THRTMT,NaN,"('MT', 'THRT')",NaN,87835
matt macey,MSMT,NaN,"('MT', 'MS')",NaN,113534
matt phillips,MTFLPS,NaN,"('MT', 'FLPS')",NaN,50229
matt ritchie,MTRX,NaN,"('MT', 'RX')",NaN,56983
matt targett,MTTRKT,NaN,"('MT', 'TRKT')",NaN,169359
matteo darmian,TRMNMT,NaN,"('MT', 'TRMN')",NaN,40002
matteo guendouzi,KNTSMT,NaN,"('MT', 'KNTS')",NaN,242166
matthew cash,KXM0,KXMTF,"('M0', 'KX')","('MTF', '')",199796
matthew clarke,KLRKM0,KLRKMTF,"('M0', 'KLRK')","('MTF', '')",178173
matthew connolly,KNLM0,KNLMTF,"('M0', 'KNL')","('MTF', '')",27698
matthew daly,TLM0,TLMTF,"('M0', 'TL')","('MTF', '')",450314
matthew longstaff,LNKSTFM0,LNKSTFMTF,"('M0', 'LNKSTF')","('MTF', '')",223175
matthew lowton,LTNM0,LTNMTF,"('M0', 'LTN')","('MTF', '')",68983
matthew smith,M0SM0,MTSMT,"('M0', 'SM0')","('MTF', 'XMT')",232241
matty james,JMSMT,AMSMT,"('MT', 'JMS')","('', 'AMS')",61604
max kilman,KLMNMKS,NaN,"('MKS', 'KLMN')",NaN,214048
max lowe,LMKS,NaN,"('MKS', 'L')",NaN,155197
max meyer,MKSMR,NaN,"('MKS', 'MR')",NaN,141020
max sanders,MKSSNTRS,NaN,"('MKS', 'SNTRS')",NaN,215062
max thompson,MKSTMPSN,NaN,"('MKS', 'TMPSN')",NaN,461450
maxime le marchand,LMRXNTMKSM,LMRKNTMKSM,"('MKSM', 'L', 'MRXNT')","('', '', 'MRKNT')",61739
maximillian aarons,ARNSMKSMLN,NaN,"('MKSMLN', 'ARNS')",NaN,232980
maya yoshida,MXT,NaN,"('M', 'AXT')",NaN,80447
mbaye diagne,TNMP,TKNMP,"('MP', 'TN')","('', 'TKN')",164011
mbwana samatta,MPNSMT,NaN,"('MPN', 'SMT')",NaN,217487
meritan shabani,MRTNXPN,NaN,"('MRTN', 'XPN')",NaN,225368
mesut aaaazil,ASLMST,NaN,"('MST', 'ASL')",NaN,37605
mesut aazil,ASLMST,NaN,"('MST', 'ASL')",NaN,37605
michael hector,HKTRMKL,HKTRMXL,"('MKL', 'HKTR')","('MXL', '')",84915
michael keane,KNMKL,KNMXL,"('MKL', 'KN')","('MXL', '')",106611
michael mcgovern,MKFRNMKL,MKFRNMXL,"('MKL', 'MKFRN')","('MXL', '')",18499
michael obafemi,MKLPFM,MXLPFM,"('MKL', 'APFM')","('MXL', '')",220598
michael verrips,MKLFRPS,MXLFRPS,"('MKL', 'FRPS')","('MXL', '')",194126
michail antonio,ANTNMXL,ANTNMKL,"('MXL', 'ANTN')","('MKL', '')",57531
michal karbownik,KRPNKMXL,KRPNKMKL,"('MXL', 'KRPNK')","('MKL', '')",442229
michel vorm,MXLFRM,MKLFRM,"('MXL', 'FRM')","('MKL', '')",39215
michy batshuayi,PTXMX,PTXMK,"('MX', 'PTX')","('MK', '')",94245
miguel almiraaaan,ALMRNMKL,NaN,"('MKL', 'ALMRN')",NaN,179018
miguel almiraan,ALMRNMKL,NaN,"('MKL', 'ALMRN')",NaN,179018
miguel azeez,ASSMKL,NaN,"('MKL', 'ASS')",NaN,439482
miguel britos,PRTSMKL,NaN,"('MKL', 'PRTS')",NaN,52153
mihai alexandru dobre,ALKSNTRTPRMH,NaN,"('MH', 'ALKSNTR', 'TPR')",NaN,207300
mikel merino,MRNMKL,NaN,"('MKL', 'MRN')",NaN,195384
mohamed diamaa,TMMHMT,NaN,"('MHMT', 'TM')",NaN,28147
mohamed elneny,ALNNMHMT,NaN,"('MHMT', 'ALNN')",NaN,153256
mohamed elyounoussi,ALNSMHMT,NaN,"('MHMT', 'ALNS')",NaN,96787
mohamed naser el sayed elneny,ALLNNMHMTNSRST,NaN,"('MHMT', 'NSR', 'AL', 'ST', 'ALNN')",NaN,153256
mohamed salah,MHMTSL,NaN,"('MHMT', 'SL')",NaN,118748
mohammed salisu,MHMTSLS,NaN,"('MHMT', 'SLS')",NaN,450527
moisaas caicedo,KSTMSS,NaN,"('MSS', 'KST')",NaN,486672
moise kean,KNMS,NaN,"('MS', 'KN')",NaN,242058
morgan gibbs white,KPSMRKNT,JPSMRKNT,"('MRKN', 'KPS', 'AT')","('', 'JPS', '')",222531
morgan sanson,MRKNSNSN,NaN,"('MRKN', 'SNSN')",NaN,122775
morgan schneiderlin,MRKNXNTRLN,NaN,"('MRKN', 'XNTRLN')","('', 'SNTRLN')",42774
moritz leitner,LTNRMRTS,NaN,"('MRTS', 'LTNR')",NaN,87396
mousa dembaalaa,TMPLMS,NaN,"('MS', 'TMPL')",NaN,39104
moussa djenepo,TJNPMS,NaN,"('MS', 'TJNP')",NaN,431131
moussa sissoko,MSSSK,NaN,"('MS', 'SSK')",NaN,45268
muhamed beaaaaiaaaa,PMHMT,NaN,"('MHMT', 'P')",NaN,87447
naalson cabral semedo,KPRLNLSNSMT,NaN,"('NLSN', 'KPRL', 'SMT')",NaN,200402
nabil bentaleb,PNTLPNPL,NaN,"('NPL', 'PNTLP')",NaN,126407
naby keita,KTNP,NaN,"('NP', 'KT')",NaN,175592
nacho monreal,MNRLNK,NaN,"('NK', 'MNRL')",NaN,38411
nahki wells,NKLS,NaN,"('NK', 'ALS')","('', 'FLS')",92383
nampalys mendy,MNTNMPLS,NaN,"('NMPLS', 'MNT')",NaN,86881
nathan akaa,AKN0N,AKNTN,"('N0N', 'AK')","('NTN', '')",126184
nathan akaaaa,AKN0N,AKNTN,"('N0N', 'AK')","('NTN', '')",126184
nathan bishop,PXPN0N,PXPNTN,"('N0N', 'PXP')","('NTN', '')",250370
nathan broadhead,PRTTN0N,PRTTNTN,"('N0N', 'PRTT')","('NTN', '')",173818
nathan ferguson,FRKSNN0N,FRKSNNTN,"('N0N', 'FRKSN')","('NTN', '')",232423
nathan holland,HLNTN0N,HLNTNTN,"('N0N', 'HLNT')","('NTN', '')",183487
nathan redmond,N0NRTMNT,NTNRTMNT,"('N0N', 'RTMNT')","('NTN', '')",83283
nathan tella,N0NTL,NTNTL,"('N0N', 'TL')","('NTN', '')",203389
nathan trott,N0NTRT,NTNTRT,"('N0N', 'TRT')","('NTN', '')",232398
nathaniel chalobah,XLPN0NL,XLPNTNL,"('N0NL', 'XLP')","('NTNL', '')",89085
nathaniel clyne,KLNN0NL,KLNNTNL,"('N0NL', 'KLN')","('NTNL', '')",57328
nathaniel mendez laing,LNKMNTSN0NL,LNKMNTSNTNL,"('N0NL', 'MNTS', 'LNK')","('NTNL', '', '')",76360
nathaniel phillips,N0NLFLPS,NTNLFLPS,"('N0NL', 'FLPS')","('NTNL', '')",197464
neal maupay,MPNL,NaN,"('NL', 'MP')",NaN,115382
neco williams,NKLMS,NaN,"('NK', 'ALMS')","('', 'FLMS')",215136
neeskens kebano,KPNNSKNS,NaN,"('NSKNS', 'KPN')",NaN,92259
neil etheridge,A0RJNL,ATRJNL,"('NL', 'A0RJ')","('', 'ATRJ')",88734
neil taylor,NLTLR,NaN,"('NL', 'TLR')",NaN,47390
nemanja matic,MTKNMNJ,NaN,"('NMNJ', 'MTK')",NaN,62398
n'golo kantaa,KNTNNKL,NaN,"('NNKL', 'KNT')",NaN,116594
n'golo kantaaaa,KNTNNKL,NaN,"('NNKL', 'KNT')",NaN,116594
niall huggins,HKNSNL,NaN,"('NL', 'HKNS')",NaN,492066
nick pope,NKPP,NaN,"('NK', 'PP')",NaN,98747
nicolaaaas otamendi,NKLSTMNT,NaN,"('NKLS', 'ATMNT')",NaN,57410
nicolaas otamendi,NKLSTMNT,NaN,"('NKLS', 'ATMNT')",NaN,57410
nicolas paaaapaaaa,NKLSPP,NaN,"('NKLS', 'PP')",NaN,195735
nicolas paapaa,NKLSPP,NaN,"('NKLS', 'PP')",NaN,195735
niels nkounkou,NLSNKNK,NaN,"('NLS', 'NKNK')",NaN,495542
nigel lonwijk,LNKNJL,LNKNKL,"('NJL', 'LNK')","('NKL', '')",465551
nikola tavares,NKLTFRS,NaN,"('NKL', 'TFRS')",NaN,235599
nikola vlasic,NKLFLSK,NaN,"('NKL', 'FLSK')",NaN,180151
nile john,JNNL,ANNL,"('NL', 'JN')","('', 'AN')",461212
nnamdi ofoborh,NMTFPR,NaN,"('NMT', 'AFPR')",NaN,444181
nya kirby,KRPN,NaN,"('N', 'KRP')",NaN,209043
odion ighalo,AALTN,NaN,"('ATN', 'AAL')",NaN,58498
okay yokuslu,AKKSL,NaN,"('AK', 'AKSL')",NaN,101394
ola aina,ANL,NaN,"('AL', 'AN')",NaN,159506
oleksandr zinchenko,ALKSNTRSNXNK,ALKSNTRTSNKNK,"('ALKSNTR', 'SNXNK')","('', 'SNKNK')",206325
oliver burke,PRKLFR,NaN,"('ALFR', 'PRK')",NaN,197937
oliver casey,KSLFR,NaN,"('ALFR', 'KS')",NaN,467114
oliver mcburnie,MKPRNLFR,NaN,"('ALFR', 'MKPRN')",NaN,169432
oliver norwood,NRTLFR,NaN,"('ALFR', 'NRT')",NaN,79934
oliver skipp,ALFRSKP,NaN,"('ALFR', 'SKP')",NaN,209042
olivier giroud,JRTLF,KRTLFR,"('ALF', 'JRT')","('ALFR', 'KRT')",44346
ollie watkins,ALTKNS,NaN,"('AL', 'ATKNS')","('', 'FTKNS')",178301
oluwasemilogo adesewo ibidapo ajayi,ATSJPTPLSMLK,NaN,"('ALSMLK', 'ATS', 'APTP', 'AJ')","('', '', '', 'AH')",146426
omar bogle,PKLMR,NaN,"('AMR', 'PKL')",NaN,114054
ondrej duda,TTNTRJ,TTNTR ,"('ANTRJ', 'TT')","('ANTR ', '')",139110
onel hernaaaandez,HRNNTSNL,NaN,"('ANL', 'HRNNTS')",NaN,89470
oriol romeu vidal,ARLRMFTL,NaN,"('ARL', 'RM', 'FTL')",NaN,78056
oskar buur,PRSKR,NaN,"('ASKR', 'PR')",NaN,179456
oumar niasse,NSMR,NaN,"('AMR', 'NS')",NaN,113688
owen otasowie,ATSN,NaN,"('AN', 'ATS')",NaN,250604
ozan kabak,KPKSN,KPKTSN,"('ASN', 'KPK')",NaN,438277
pablo fornals,FRNLSPPL,NaN,"('PPL', 'FRNLS')",NaN,217593
pablo hernaandez domaanguez,TMNKSRNNTSPPL,NaN,"('PPL', 'HRNNTS', 'TMNKS')",NaN,28690
pablo maraa,MRPPL,NaN,"('PPL', 'MR')",NaN,92371
pablo maraaaa,MRPPL,NaN,"('PPL', 'MR')",NaN,92371
pablo zabaleta,PPLSPLT,NaN,"('PPL', 'SPLT')",NaN,20658
panagiotis retsos,PNJTSRTSS,PNKTSRTSS,"('PNJTS', 'RTSS')","('PNKTS', '')",222786
pape souaraa,PPSR,NaN,"('PP', 'SR')",NaN,79228
pascal groaa,KRPSKL,NaN,"('PSKL', 'KR')",NaN,60307
pascal groaaaa,KRPSKL,NaN,"('PSKL', 'KR')",NaN,60307
pascal struijk,PSKLSTRK,NaN,"('PSKL', 'STRK')",NaN,222694
patrick bamford,PMFRTPTRK,NaN,"('PTRK', 'PMFRT')",NaN,106617
patrick cutrone,KTRNPTRK,NaN,"('PTRK', 'KTRN')",NaN,209353
patrick roberts,PTRKRPRTS,NaN,"('PTRK', 'RPRTS')",NaN,124165
patrick van aanholt,ANLTPTRKFN,NaN,"('PTRK', 'FN', 'ANLT')",NaN,74230
paul dummett,TMTPL,NaN,"('PL', 'TMT')",NaN,106618
paul pogba,PLPKP,NaN,"('PL', 'PKP')",NaN,74208
paulo gazzaniga,KSNKPL,KTSNKPL,"('PL', 'KSNK')","('', 'KTSNK')",102884
pedro lomba neto,LMPNTPTR,NaN,"('PTR', 'LMP', 'NT')",NaN,247632
pedro obiang,APNKPTR,NaN,"('PTR', 'APNK')",NaN,59779
pedro rodraaaaguez ledesma,LTSMPTRRTRKS,NaN,"('PTR', 'RTRKS', 'LTSM')",NaN,49579
pedro rodraaguez ledesma,LTSMPTRRTRKS,NaN,"('PTR', 'RTRKS', 'LTSM')",NaN,49579
percy tau,PRST,NaN,"('PRS', 'T')",NaN,230127
peter crouch,KRXPTR,KRKPTR,"('PTR', 'KRX')","('', 'KRK')",3773
petr cech,SXPTR,SKPTR,"('PTR', 'SX')","('', 'SK')",11334
phil bardsley,PRTSLFL,NaN,"('FL', 'PRTSL')",NaN,17997
phil foden,FTNFL,NaN,"('FL', 'FTN')",NaN,209244
phil jagielka,JJLKFL,AKLKFL,"('FL', 'JJLK')","('', 'AKLK')",7645
phil jones,JNSFL,ANSFL,"('FL', 'JNS')","('', 'ANS')",76359
philip billing,PLNKFLP,NaN,"('FLP', 'PLNK')",NaN,168991
philip heise,HSFLP,NaN,"('FLP', 'HS')",NaN,101061
philippe sandler,FLPSNTLR,NaN,"('FLP', 'SNTLR')",NaN,230428
pierre emerick aubameyang,APMNKMRKPR,NaN,"('PR', 'AMRK', 'APMNK')",NaN,54694
pierre emile haaaajbjerg,AMLPJRKPR,NaN,"('PR', 'AML', 'HPJRK')",NaN,132015
pierre emile haajbjerg,AMLPJRKPR,NaN,"('PR', 'AML', 'HPJRK')",NaN,132015
pontus dahlberg,TLPRKPNTS,NaN,"('PNTS', 'TLPRK')",NaN,206882
raaaaal jimaaaanez,JMNSRL,AMNSRL,"('RL', 'JMNS')","('', 'AMNS')",102057
raaaaben diogo da silva neves,TTKNFSRPNSLF,NaN,"('RPN', 'TK', 'T', 'SLF', 'NFS')",NaN,171317
raaaaben gonaaaaalo silva nascimento vinagre,KNLNSMNTRPNSLFFNKR,NaN,"('RPN', 'KNL', 'SLF', 'NSMNT', 'FNKR')",NaN,216054
raaal jimaanez,JMNSRL,AMNSRL,"('RL', 'JMNS')","('', 'AMNS')",102057
raaben diogo da silva neves,TTKNFSRPNSLF,NaN,"('RPN', 'TK', 'T', 'SLF', 'NFS')",NaN,171317
raaben gonaaalo silva nascimento vinagre,KNLNSMNTRPNSLFFNKR,NaN,"('RPN', 'KNL', 'SLF', 'NSMNT', 'FNKR')",NaN,216054
raaben santos gato alves dias,ALFSTSKTRPNSNTS,NaN,"('RPN', 'SNTS', 'KT', 'ALFS', 'TS')",NaN,171314
raanar alex raanarsson,ALKSRNRRNRSN,NaN,"('RNR', 'ALKS', 'RNRSN')",NaN,115918
rachid ghezzal,KSLRXT,KTSLRKT,"('RXT', 'KSL')","('RKT', 'KTSL')",115858
rafa mir,MRRF,NaN,"('RF', 'MR')",NaN,219929
rafael camacho,KMKRFL,NaN,"('RFL', 'KMK')",NaN,217989
ragnar klavan,KLFNRKNR,NaN,"('RNR', 'KLFN')","('RKNR', '')",33871
raheem sterling,RHMSTRLNK,NaN,"('RHM', 'STRLNK')",NaN,103955
rajiv van la parra,LPRRJFFN,NaN,"('RJF', 'FN', 'L', 'PR')",NaN,51344
ralf fahrmann,FRMNRLF,NaN,"('RLF', 'FRMN')",NaN,28082
ramadan sobhi,RMTNSP,NaN,"('RMTN', 'SP')",NaN,205102
raphael dias belloli,PLLTSRFL,NaN,"('RFL', 'TS', 'PLL')",NaN,219961
ravel morrison,MRSNRFL,NaN,"('RFL', 'MRSN')",NaN,90518
rayan ait nouri,ATNRRN,NaN,"('RN', 'AT', 'NR')",NaN,448514
reda khadra,KTRRT,NaN,"('RT', 'KTR')",NaN,465572
reece hannam,HNMRS,NaN,"('RS', 'HNM')",NaN,223824
reece james,JMSRS,AMSRS,"('RS', 'JMS')","('', 'AMS')",225796
reece oxford,AKSFRTRS,NaN,"('RS', 'AKSFRT')",NaN,173792
reece welch,RSLX,RSLK,"('RS', 'ALX')","('', 'FLK')",474907
reiss nelson,NLSNRS,NaN,"('RS', 'NLSN')",NaN,200641
rekeem harper,HRPRRKM,NaN,"('RKM', 'HRPR')",NaN,232427
rhian brewster,PRSTRRN,NaN,"('RN', 'PRSTR')",NaN,195473
rhu endly martina,ANTLMRTNR,NaN,"('R', 'ANTL', 'MRTN')",NaN,56192
rhys healey,HLRS,NaN,"('RS', 'HL')",NaN,131403
rhys williams,RSLMS,NaN,"('RS', 'ALMS')","('', 'FLMS')",219937
ricardo domingos barbosa pereira,PRPSTMNKSPRRRKRT,NaN,"('RKRT', 'TMNKS', 'PRPS', 'PRR')",NaN,111931
richairo zivkovic,RXRSFKFK,RKRTSFKFK,"('RXR', 'SFKFK')","('RKR', '')",147612
richard nartey,NRTRXRT,NRTRKRT,"('RXRT', 'NRT')","('RKRT', '')",184259
richard stearman,RXRTSTRMN,RKRTSTRMN,"('RXRT', 'STRMN')","('RKRT', '')",18832
richarlison de andrade,ANTRTTRXRLSN,ANTRTTRKRLSN,"('RXRLSN', 'T', 'ANTRT')","('RKRLSN', '', '')",212319
riyad mahrez,MRSRT,NaN,"('RT', 'MRS')",NaN,103025
rob holding,HLTNKRP,NaN,"('RP', 'HLTNK')",NaN,156074
robbie brady,PRTRP,NaN,"('RP', 'PRT')",NaN,90517
robert elliot,ALTRPRT,NaN,"('RPRT', 'ALT')",NaN,19838
robert kenedy nunes do nascimento,TKNTNSMNTNNSRPRT,NaN,"('RPRT', 'KNT', 'NNS', 'T', 'NSMNT')",NaN,167767
robert saanchez,RPRTSNXS,RPRTSNKS,"('RPRT', 'SNXS')","('', 'SNKS')",215059
robert snodgrass,RPRTSNTKRS,NaN,"('RPRT', 'SNTKRS')","('', 'XNTKRS')",18987
roberto firmino,FRMNRPRT,NaN,"('RPRT', 'FRMN')",NaN,92217
roberto jimenez gago,KKJMNSRPRT,NaN,"('RPRT', 'JMNS', 'KK')","('', 'AMNS', '')",40694
roberto pereyra,PRRRPRT,NaN,"('RPRT', 'PRR')",NaN,61566
robin koch,KXRPN,KKRPN,"('RPN', 'KX')","('', 'KK')",193645
robin olsen,ALSNRPN,NaN,"('RPN', 'ALSN')",NaN,111782
roderick jefferson gonaaalves miranda,KNLFSJFRSNMRNTRTRK,NaN,"('RTRK', 'JFRSN', 'KNLFS', 'MRNT')","('', 'AFRSN', '', '')",67184
rodrigo hernandez,HRNNTSRTRK,NaN,"('RTRK', 'HRNNTS')",NaN,220566
rodrigo moreno,MRNRTRK,NaN,"('RTRK', 'MRN')",NaN,80954
rolando aarons,ARNSRLNT,NaN,"('RLNT', 'ARNS')",NaN,155513
romain saaaaass,RMNSS,NaN,"('RMN', 'SS')",NaN,107613
romain saaass,RMNSS,NaN,"('RMN', 'SS')",NaN,107613
romaine sawyers,RMNSRS,NaN,"('RMN', 'SRS')",NaN,61600
romelu lukaku,LKKRML,NaN,"('RML', 'LKK')",NaN,66749
ross barkley,PRKLRS,NaN,"('RS', 'PRKL')",NaN,88894
ruben loftus cheek,XKLFTSRPN,NaN,"('RPN', 'LFTS', 'XK')",NaN,126187
rui pedro da rocha fonte,TFNTPTRRXR,TFNTPTRRKR,"('R', 'PTR', 'T', 'RX', 'FNT')","('', '', '', 'RK', '')",58476
rui pedro dos santos patraaaacio,TSPTRSPTRRSNTS,TSPTRXPTRRSNTS,"('R', 'PTR', 'TS', 'SNTS', 'PTRS')","('', '', '', '', 'PTRX')",38533
rui pedro dos santos patraacio,TSPTRSPTRRSNTS,TSPTRXPTRRSNTS,"('R', 'PTR', 'TS', 'SNTS', 'PTRS')","('', '', '', '', 'PTRX')",38533
ryan astley,ASTLRN,NaN,"('RN', 'ASTL')",NaN,422612
ryan babel,PPLRN,NaN,"('RN', 'PPL')",NaN,19520
ryan bennett,PNTRN,NaN,"('RN', 'PNT')",NaN,41727
ryan bertrand,PRTRNTRN,NaN,"('RN', 'PRTRNT')",NaN,40146
ryan finnigan,FNKNRN,NaN,"('RN', 'FNKN')",NaN,447372
ryan fraser,FRSRRN,NaN,"('RN', 'FRSR')",NaN,90105
ryan fredericks,FRTRKSRN,NaN,"('RN', 'FRTRKS')",NaN,81012
ryan giles,KLSRN,JLSRN,"('RN', 'KLS')","('', 'JLS')",232351
ryan inniss,ANSRN,NaN,"('RN', 'ANS')",NaN,114536
ryan john giles,KLSJNRN,JLSJNRN,"('RN', 'JN', 'KLS')","('', 'AN', 'JLS')",232351
ryan schofield,RNXFLT,NaN,"('RN', 'XFLT')",NaN,241791
ryan sessegnon,RNSSNN,RNSSKNN,"('RN', 'SSNN')","('', 'SSKNN')",184349
saaaabastien haller,HLRSPSTN,NaN,"('SPSTN', 'HLR')",NaN,103123
saaad benrahma,PNRMST,NaN,"('ST', 'PNRM')",NaN,172841
saabastien haller,HLRSPSTN,NaN,"('SPSTN', 'HLR')",NaN,103123
sadio manaa,MNST,NaN,"('ST', 'MN')",NaN,110979
sadio manaaaa,MNST,NaN,"('ST', 'MN')",NaN,110979
salomaan rondaan,RNTNSLMN,NaN,"('SLMN', 'RNTN')",NaN,57134
sam baldock,PLTKSM,NaN,"('SM', 'PLTK')",NaN,28462
sam byram,PRMSM,NaN,"('SM', 'PRM')",NaN,113564
sam field,FLTSM,NaN,"('SM', 'FLT')",NaN,195864
sam gallagher,KLKRSM,NaN,"('SM', 'KLKR')",NaN,153371
sam greenwood,KRNTSM,NaN,"('SM', 'KRNT')",NaN,248937
sam johnstone,JNSTNSM,ANSTNSM,"('SM', 'JNSTN')","('', 'ANSTN')",101982
sam mcqueen,MKNSM,NaN,"('SM', 'MKN')",NaN,153373
sam surridge,SMSRJ,NaN,"('SM', 'SRJ')",NaN,217331
sam vokes,SMFKS,NaN,"('SM', 'FKS')",NaN,40399
sam woods,SMTS,NaN,"('SM', 'ATS')","('', 'FTS')",221272
samir nasri,NSRSMR,NaN,"('SMR', 'NSR')",NaN,28554
sander berge,PRJSNTR,PRKSNTR,"('SNTR', 'PRJ')","('', 'PRK')",207189
sandro ramaarez,RMRSSNTR,NaN,"('SNTR', 'RMRS')",NaN,108438
scott carson,KRSNSKT,NaN,"('SKT', 'KRSN')",NaN,17601
scott dann,TNSKT,NaN,"('SKT', 'TN')",NaN,19188
scott malone,MLNSKT,NaN,"('SKT', 'MLN')",NaN,79733
scott mctominay,MKTMNSKT,NaN,"('SKT', 'MKTMN')",NaN,195851
sead kolasinac,KLSNKST,NaN,"('ST', 'KLSNK')",NaN,111457
seamus coleman,KLMNSMS,NaN,"('SMS', 'KLMN')",NaN,59949
sean longstaff,LNKSTFSN,NaN,"('SN', 'LNKSTF')",NaN,180135
sean morrison,MRSNSN,NaN,"('SN', 'MRSN')",NaN,49982
sebastian praaaadl,PRTLSPSXN,NaN,"('SPSXN', 'PRTL')",NaN,41945
sebastian praadl,PRTLSPSXN,NaN,"('SPSXN', 'PRTL')",NaN,41945
serge aurier,ARRSRJ,ARRSRK,"('SRJ', 'AR')","('SRK', 'ARR')",80226
sergio agaaaaero,AKRSRJ,AKRSRK,"('SRJ', 'AKR')","('SRK', '')",37572
sergio agaaero,AKRSRJ,AKRSRK,"('SRJ', 'AKR')","('SRK', '')",37572
sergio reguilaan,RKLNSRJ,RKLNSRK,"('SRJ', 'RKLN')","('SRK', '')",199249
sergio rico,RKSRJ,RKSRK,"('SRJ', 'RK')","('SRK', '')",94248
sergio romero,RMRSRJ,RMRSRK,"('SRJ', 'RMR')","('SRK', '')",42899
shane duffy,TFXN,NaN,"('XN', 'TF')",NaN,61933
shane flynn,FLNXN,NaN,"('XN', 'FLN')",NaN,447373
shane long,LNKXN,NaN,"('XN', 'LNK')",NaN,20452
shinji okazaki,AKSKXNJ,AKTSKXNJ,"('XNJ', 'AKSK')","('', 'AKTSK')",78412
shkodran mustafi,MSTFXKTRN,NaN,"('XKTRN', 'MSTF')",NaN,69140
shola shoretire,XLXRTR,NaN,"('XL', 'XRTR')",NaN,472464
sidnei tavares,STNTFRS,NaN,"('STN', 'TFRS')",NaN,421796
simon francis,FRNSSSMN,NaN,"('SMN', 'FRNSS')",NaN,15149
simon mignolet,MNLTSMN,MKNLTSMN,"('SMN', 'MNLT')","('', 'MKNLT')",66797
simon moore,MRSMN,NaN,"('SMN', 'MR')",NaN,74854
sofiane boufal,PFLSFN,NaN,"('SFN', 'PFL')",NaN,128198
sokratis papastathopoulos,PPST0PLSSKRTS,PPSTTPLSSKRTS,"('SKRTS', 'PPST0PLS')","('', 'PPSTTPLS')",39476
sol bamba,PMPSL,NaN,"('SL', 'PMP')",NaN,19523
solomon march,MRXSLMN,MRKSLMN,"('SLMN', 'MRX')","('', 'MRK')",109345
stefan johansen,JHNSNSTFN,AHNSNSTFN,"('STFN', 'JHNSN')","('', 'AHNSN')",61916
stefano okaka,AKKSTFN,NaN,"('STFN', 'AKK')",NaN,20046
stephan lichtsteiner,LKTSTNRSTFN,NaN,"('STFN', 'LKTSTNR')",NaN,27335
stephen henderson,HNTRSNSTFN,NaN,"('STFN', 'HNTRSN')",NaN,42525
stephen ward,STFNRT,NaN,"('STFN', 'ART')","('', 'FRT')",40616
steve cook,KKSTF,NaN,"('STF', 'KK')",NaN,56917
steve mounie,MNSTF,NaN,"('STF', 'MN')",NaN,169141
steven alzate,ALSTSTFN,NaN,"('STFN', 'ALST')",NaN,235382
steven bergwijn,PRKNSTFN,NaN,"('STFN', 'PRKN')",NaN,194252
steven davis,TFSSTFN,NaN,"('STFN', 'TFS')",NaN,17339
steven defour,TFRSTFN,NaN,"('STFN', 'TFR')",NaN,39847
stuart armstrong,ARMSTRNKSTRT,NaN,"('STRT', 'ARMSTRNK')",NaN,91047
stuart dallas,TLSSTRT,NaN,"('STRT', 'TLS')",NaN,87873
sullay kaikai,KKSL,NaN,"('SL', 'KK')",NaN,138009
sung yueng ki,KSNKNK,NaN,"('SNK', 'ANK', 'K')",NaN,76542
sylvester jasper,JSPRSLFSTR,ASPRSLFSTR,"('SLFSTR', 'JSPR')","('', 'ASPR')",223335
tahith chong,XNKTH0,XNKTHT,"('TH0', 'XNK')","('THT', '')",222677
takumi minamino,MNMNTKM,NaN,"('TKM', 'MNMN')",NaN,157882
tammy abraham,APRHMTM,NaN,"('TM', 'APRHM')",NaN,173879
tanguy ndombele,NTMPLTNK,NaN,"('TNK', 'NTMPL')",NaN,231372
tariq lamptey,LMPTTRK,NaN,"('TRK', 'LMPT')",NaN,232792
tawanda maswanhise,MSNSTNT,NaN,"('TNT', 'MSNS')",NaN,461585
taylor gardner hickman,KRTNRKMNTLR,NaN,"('TLR', 'KRTNR', 'HKMN')",NaN,439242
taylor harwood bellis,PLSRTTLR,NaN,"('TLR', 'HRT', 'PLS')",NaN,245719
taylor perry,PRTLR,NaN,"('TLR', 'PR')",NaN,232361
teddy jenks,JNKSTT,ANKSTT,"('TT', 'JNKS')","('', 'ANKS')",244848
teden mengi,MNJTTN,MNKTTN,"('TTN', 'MNJ')","('', 'MNK')",244856
teemu pukki,PKTM,NaN,"('TM', 'PK')",NaN,57127
terence kongolo,KNKLTRNS,NaN,"('TRNS', 'KNKL')",NaN,109434
thakgalo leshabela,LXPL0KKL,LXPLTKKL,"('0KKL', 'LXPL')","('TKKL', '')",232881
thanawat suengchitthawon,SNKX0N0NT,SNKKTNTNT,"('0NT', 'SNKX0N')","('TNT', 'SNKKTN')",513789
theo corbeanu,KRPN0,KRPNT,"('0', 'KRPN')","('T', '')",443296
theo walcott,0LKT,TLKT,"('0', 'ALKT')","('T', 'FLKT')",20467
thiago alcaantara do nascimento,ALKNTRTNSMNT0K,ALKNTRTNSMNTTK,"('0K', 'ALKNTR', 'T', 'NSMNT')","('TK', '', '', '')",61558
thiago thiago,0K0K,TKTK,"('0K', '0K')","('TK', 'TK')",51090
thibaut courtois,KRTS0PT,KRTSTPT,"('0PT', 'KRT')","('TPT', 'KRTS')",60772
thomas allan,ALNTMS,NaN,"('TMS', 'ALN')",NaN,232957
thomas mcgill,MKLTMS,NaN,"('TMS', 'MKL')",NaN,209288
thomas partey,PRTTMS,NaN,"('TMS', 'PRT')",NaN,167199
tiemouaa bakayoko,PKKTM,NaN,"('TM', 'PKK')",NaN,169102
tim iroegbunam,ARKPNMTM,NaN,"('TM', 'ARKPNM')",NaN,490094
tim krul,KRLTM,NaN,"('TM', 'KRL')",NaN,20480
tim ream,RMTM,NaN,"('TM', 'RM')",NaN,82514
timm klose,KLSTM,NaN,"('TM', 'KLS')",NaN,84384
timo werner,TMRNR,NaN,"('TM', 'ARNR')","('', 'FRNR')",165153
timothy castagne,KSTNTM0,KSTKNTMT,"('TM0', 'KSTN')","('TMT', 'KSTKN')",166477
timothy eyoma,AMTM0,AMTMT,"('TM0', 'AM')","('TMT', '')",209040
timothy fosu mensah,FSMNSTM0,FSMNSTMT,"('TM0', 'FS', 'MNS')","('TMT', '', '')",201084
toby alderweireld,ALTRRLTTP,NaN,"('TP', 'ALTRRLT')",NaN,55605
toby king,KNKTP,NaN,"('TP', 'KNK')",NaN,444575
todd cantwell,KNTLTT,NaN,"('TT', 'KNTL')",NaN,193111
tom cairney,KRNTM,NaN,"('TM', 'KRN')",NaN,76357
tom cleverley,KLFRLTM,NaN,"('TM', 'KLFRL')",NaN,43250
tom davies,TFSTM,NaN,"('TM', 'TFS')",NaN,173807
tom heaton,HTNTM,NaN,"('TM', 'HTN')",NaN,21205
tom ince,ANSTM,NaN,"('TM', 'ANS')",NaN,86176
tom trybull,TMTRPL,NaN,"('TM', 'TRPL')",NaN,90440
tomas soucek,SSKTMS,NaN,"('TMS', 'SSK')",NaN,215439
tomer hemed,HMTTMR,NaN,"('TMR', 'HMT')",NaN,38499
tommy doyle,TLTM,NaN,"('TM', 'TL')",NaN,220394
tommy smith,SM0TM,XMTTM,"('TM', 'SM0')","('', 'XMT')",104545
tosin adarabioyo,ATRPTSN,NaN,"('TSN', 'ATRP')",NaN,109646
trent alexander arnold,ALKSNTRRNLTTRNT,NaN,"('TRNT', 'ALKSNTR', 'ARNLT')",NaN,169187
troy deeney,TNTR,NaN,"('TR', 'TN')",NaN,41725
troy parrott,PRTTR,NaN,"('TR', 'PRT')",NaN,447235
tudor baluta,PLTTTR,NaN,"('TTR', 'PLT')",NaN,213056
tyias browning,PRNNKTS,NaN,"('TS', 'PRNNK')",NaN,149468
tyler onyango,ANNKTLR,NaN,"('TLR', 'ANNK')",NaN,461446
tyler roberts,RPRTSTLR,NaN,"('TLR', 'RPRTS')",NaN,173821
tyreece john jules,JNJLSTRS,ANJLSTRS,"('TRS', 'JN', 'JLS')","('', 'AN', 'ALS')",232233
tyreke johnson,JNSNTRK,ANSNTRK,"('TRK', 'JNSN')","('', 'ANSN')",204481
tyrese francois,FRNKSTRS,NaN,"('TRS', 'FRNK')","('', 'FRNKS')",432931
tyrick mitchell,MXLTRK,NaN,"('TRK', 'MXL')",NaN,244723
tyrone mings,MNKSTRN,NaN,"('TRN', 'MNKS')",NaN,149484
vaaaactor camarasa,KMRSFKTR,NaN,"('FKTR', 'KMRS')",NaN,175946
vaactor camarasa,KMRSFKTR,NaN,"('FKTR', 'KMRS')",NaN,175946
valentino lazaro,LSRFLNTN,NaN,"('FLNTN', 'LSR')",NaN,116543
valentino livramento,LFRMNTFLNTN,NaN,"('FLNTN', 'LFRMNT')",NaN,441191
vicente guaita,KTFSNT,NaN,"('FSNT', 'KT')",NaN,40836
vicente iborra,APRFSNT,NaN,"('FSNT', 'APR')",NaN,54513
victor lindelaaaaf,LNTLFFKTR,NaN,"('FKTR', 'LNTLF')",NaN,184667
victor lindelaaf,LNTLFFKTR,NaN,"('FKTR', 'LNTLF')",NaN,184667
victor moses,MSSFKTR,NaN,"('FKTR', 'MSS')",NaN,49013
victor wanyama,FKTRNM,NaN,"('FKTR', 'ANM')","('', 'FNM')",54756
viktor gyokeres,KKRSFKTR,JKRSFKTR,"('FKTR', 'KKRS')","('', 'JKRS')",224117
vincent janssen,JNSNFNSNT,ANSNFNSNT,"('FNSNT', 'JNSN')","('', 'ANSN')",165990
vincent kompany,KMPNFNSNT,NaN,"('FNSNT', 'KMPN')",NaN,17476
virgil van dijk,TKFNFRJL,TKFNFRKL,"('FRJL', 'FN', 'TK')","('FRKL', '', '')",97032
vitor ferreira,FRRFTR,NaN,"('FTR', 'FRR')",NaN,437858
vladimir coufal,KFLFLTMR,NaN,"('FLTMR', 'KFL')",NaN,164555
vontae daley campbell,KMPLTLFNT,NaN,"('FNT', 'TL', 'KMPL')",NaN,232229
wayne hennessey,HNSN,NaN,"('AN', 'HNS')","('FN', '')",20066
wes foderingham,FTRNKMS,NaN,"('AS', 'FTRNKM')","('FS', '')",82143
wes morgan,MRKNS,NaN,"('AS', 'MRKN')","('FS', '')",15033
wesley fofana,FFNSL,NaN,"('ASL', 'FFN')","('FSL', '')",444463
wesley hoedt,HTSL,NaN,"('ASL', 'HT')","('FSL', '')",167075
wesley moraes,MRSSL,NaN,"('ASL', 'MRS')","('FSL', '')",213345
wilfred ndidi,NTTLFRT,NaN,"('ALFRT', 'NTT')","('FLFRT', '')",203341
wilfried zaha,ALFRTSH,FLFRTTSH,"('ALFRT', 'SH')","('FLFRT', '')",82403
will ferry,FRL,NaN,"('AL', 'FR')","('FL', '')",422306
will hughes,HHSL,NaN,"('AL', 'HHS')","('FL', '')",108413
will norris,NRSL,NaN,"('AL', 'NRS')","('FL', '')",168399
william fish,FXLM,NaN,"('ALM', 'FX')","('FLM', '')",461566
william osula,ASLLM,NaN,"('ALM', 'ASL')","('FLM', '')",538207
william saliba,SLPLM,NaN,"('ALM', 'SLP')","('FLM', '')",462424
william smallbone,SMLPNLM,XMLPNLM,"('ALM', 'SMLPN')","('FLM', 'XMLPN')",214466
willian borges da silva,PRJSTSLFLN,PRKSTSLFLN,"('ALN', 'PRJS', 'T', 'SLF')","('FLN', 'PRKS', '', '')",47431
willian josaa da silva,TJSSLFLN,NaN,"('ALN', 'JS', 'T', 'SLF')","('FLN', 'AS', '', '')",73314
willy boly,PLL,NaN,"('AL', 'PL')","('FL', '')",90585
willy caballero,KPLRL,NaN,"('AL', 'KPLR')","('FL', 'KPR')",20310
winston reid,RTNSTN,NaN,"('ANSTN', 'RT')","('FNSTN', '')",48717
xherdan shaqiri,XKRKSRTN,NaN,"('SRTN', 'XKR')",NaN,68312
yan valery,FLRN,NaN,"('AN', 'FLR')",NaN,213482
yannick bolasie,PLSNK,NaN,"('ANK', 'PLS')",NaN,55452
yerry mina,MNR,NaN,"('AR', 'MN')",NaN,164511
yohan benalouane,PNLNHN,NaN,"('AHN', 'PNLN')",NaN,41321
yoshinori muto,MTXNR,NaN,"('AXNR', 'MT')",NaN,196118
younes kaboul,KPLNS,NaN,"('ANS', 'KPL')",NaN,37742
youri tielemans,TLMNSR,NaN,"('AR', 'TLMNS')",NaN,166989
yves bissouma,PSMFS,NaN,"('AFS', 'PSM')",NaN,227127
zack steffen,STFNSK,STFNTSK,"('SK', 'STFN')",NaN,164484
zak brunt,PRNTSK,PRNTTSK,"('SK', 'PRNT')",NaN,481371
zech medley,MTLSX,MTLSK,"('SX', 'MTL')","('SK', '')",209037
zeze steven sessegnon,SSNNSTFNSS,SSKNNSTFNSS,"('SS', 'STFN', 'SSNN')","('', '', 'SSKNN')",208998
